,train,val,test
PATH000009605,True,False,False
PATH000009895,True,False,False
PATH000009866,True,False,False
PATH000009949,True,False,False
PATH000009819,True,False,False
PATH000009448,True,False,False
PATH000009703,True,False,False
PATH000009816,True,False,False
PATH000009695,True,False,False
PATH000009686,True,False,False
PATH000009901,True,False,False
PATH000009379,True,False,False
PATH000000642,True,False,False
PATH000003173,True,False,False
PATH000001684,True,False,False
PATH000000665,True,False,False
PATH000000690,True,False,False
PATH000000747,True,False,False
PATH000000700,True,False,False
PATH000000713,True,False,False
PATH000003190,True,False,False
PATH000012766,True,False,False
PATH000002642,True,False,False
PATH000002828,True,False,False
PATH000003004,True,False,False
PATH000002623,True,False,False
PATH000001700,True,False,False
PATH000001350,True,False,False
PATH000001552,True,False,False
PATH000002909,True,False,False
PATH000001536,True,False,False
PATH000004044,True,False,False
PATH000003926,True,False,False
PATH000003186,True,False,False
PATH000000737,True,False,False
PATH000000673,True,False,False
PATH000002852,True,False,False
PATH000004025,True,False,False
PATH000000612,True,False,False
PATH000003228,True,False,False
PATH000000768,True,False,False
PATH000000684,True,False,False
PATH000000722,True,False,False
PATH000000692,True,False,False
PATH000000751,True,False,False
PATH000000224,True,False,False
PATH000008893,True,False,False
PATH000009241,True,False,False
PATH000009120,True,False,False
PATH000000367,True,False,False
PATH000009005,True,False,False
PATH000009055,True,False,False
PATH000009060,True,False,False
PATH000009066,True,False,False
PATH000000363,True,False,False
PATH000000394,True,False,False
PATH000002683,True,False,False
PATH000002875,True,False,False
PATH000002637,True,False,False
PATH000003009,True,False,False
PATH000002648,True,False,False
PATH000002687,True,False,False
PATH000003078,True,False,False
PATH000002660,True,False,False
PATH000003081,True,False,False
PATH000003205,True,False,False
PATH000003206,True,False,False
PATH000002826,True,False,False
PATH000003187,True,False,False
PATH000002753,True,False,False
PATH000002634,True,False,False
PATH000003188,True,False,False
PATH000002586,True,False,False
PATH000004474,True,False,False
PATH000003020,True,False,False
PATH000002805,True,False,False
PATH000002734,True,False,False
PATH000009851,True,False,False
PATH000002810,True,False,False
PATH000008491,True,False,False
PATH000008613,True,False,False
PATH000008655,True,False,False
PATH000009815,True,False,False
PATH000013605,True,False,False
PATH000012769,True,False,False
PATH000012604,True,False,False
PATH000012104,True,False,False
PATH000000585,True,False,False
PATH000012400,True,False,False
PATH000000586,True,False,False
PATH000012256,True,False,False
PATH000001989,True,False,False
PATH000002000,True,False,False
PATH000012264,True,False,False
PATH000000998,True,False,False
PATH000001007,True,False,False
PATH000000593,True,False,False
PATH000013527,True,False,False
PATH000001946,True,False,False
PATH000001955,True,False,False
PATH000012148,True,False,False
PATH000011574,True,False,False
PATH000005166,True,False,False
PATH000005702,True,False,False
PATH000005008,True,False,False
PATH000011575,True,False,False
PATH000005765,True,False,False
PATH000012250,True,False,False
PATH000005587,True,False,False
PATH000005649,True,False,False
PATH000005214,True,False,False
PATH000005646,True,False,False
PATH000005541,True,False,False
PATH000005558,True,False,False
PATH000005024,True,False,False
PATH000005280,True,False,False
PATH000005583,True,False,False
PATH000005626,True,False,False
PATH000012758,True,False,False
PATH000005226,True,False,False
PATH000005793,True,False,False
PATH000011651,True,False,False
PATH000000591,True,False,False
PATH000005594,True,False,False
PATH000005889,True,False,False
PATH000005512,True,False,False
PATH000005823,True,False,False
PATH000005343,True,False,False
PATH000005832,True,False,False
PATH000001330,True,False,False
PATH000001356,True,False,False
PATH000005020,True,False,False
PATH000011534,True,False,False
PATH000001998,True,False,False
PATH000002003,True,False,False
PATH000005815,True,False,False
PATH000005895,True,False,False
PATH000001975,True,False,False
PATH000003924,True,False,False
PATH000003991,True,False,False
PATH000003979,True,False,False
PATH000004095,True,False,False
PATH000004106,True,False,False
PATH000004121,True,False,False
PATH000004261,True,False,False
PATH000004508,True,False,False
PATH000004863,True,False,False
PATH000004911,True,False,False
PATH000003916,True,False,False
PATH000003956,True,False,False
PATH000004318,True,False,False
PATH000004779,True,False,False
PATH000004795,True,False,False
PATH000004930,True,False,False
PATH000003933,True,False,False
PATH000004062,True,False,False
PATH000004177,True,False,False
PATH000003660,True,False,False
PATH000003848,True,False,False
PATH000003955,True,False,False
PATH000004030,True,False,False
PATH000003844,True,False,False
PATH000004085,True,False,False
PATH000004088,True,False,False
PATH000004017,True,False,False
PATH000004163,True,False,False
PATH000004175,True,False,False
PATH000003729,True,False,False
PATH000003762,True,False,False
PATH000003784,True,False,False
PATH000004122,True,False,False
PATH000004874,True,False,False
PATH000004647,True,False,False
PATH000004323,True,False,False
PATH000004885,True,False,False
PATH000004340,True,False,False
PATH000004942,True,False,False
PATH000004307,True,False,False
PATH000004403,True,False,False
PATH000004745,True,False,False
PATH000007793,True,False,False
PATH000005374,True,False,False
PATH000007198,True,False,False
PATH000007437,True,False,False
PATH000007851,True,False,False
PATH000008461,True,False,False
PATH000011694,True,False,False
PATH000003910,True,False,False
PATH000004100,True,False,False
PATH000003682,True,False,False
PATH000003763,True,False,False
PATH000003684,True,False,False
PATH000003723,True,False,False
PATH000003911,True,False,False
PATH000004013,True,False,False
PATH000004190,True,False,False
PATH000003647,True,False,False
PATH000003692,True,False,False
PATH000003669,True,False,False
PATH000003679,True,False,False
PATH000003770,True,False,False
PATH000003629,True,False,False
PATH000003653,True,False,False
PATH000003731,True,False,False
PATH000003943,True,False,False
PATH000004061,True,False,False
PATH000004791,True,False,False
PATH000004494,True,False,False
PATH000004405,True,False,False
PATH000004787,True,False,False
PATH000004656,True,False,False
PATH000004981,True,False,False
PATH000004593,True,False,False
PATH000005466,True,False,False
PATH000005354,True,False,False
PATH000007363,True,False,False
PATH000007796,True,False,False
PATH000008028,True,False,False
PATH000008070,True,False,False
PATH000007977,True,False,False
PATH000009445,True,False,False
PATH000010000,True,False,False
PATH000009582,True,False,False
PATH000003668,True,False,False
PATH000003691,True,False,False
PATH000003760,True,False,False
PATH000003810,True,False,False
PATH000004189,True,False,False
PATH000003621,True,False,False
PATH000003646,True,False,False
PATH000003678,True,False,False
PATH000003638,True,False,False
PATH000003975,True,False,False
PATH000004094,True,False,False
PATH000004136,True,False,False
PATH000004104,True,False,False
PATH000004286,True,False,False
PATH000004851,True,False,False
PATH000004488,True,False,False
PATH000004624,True,False,False
PATH000004699,True,False,False
PATH000004409,True,False,False
PATH000004614,True,False,False
PATH000007944,True,False,False
PATH000004485,True,False,False
PATH000005448,True,False,False
PATH000005305,True,False,False
PATH000005631,True,False,False
PATH000007670,True,False,False
PATH000007965,True,False,False
PATH000011681,True,False,False
PATH000011861,True,False,False
PATH000011770,True,False,False
PATH000004072,True,False,False
PATH000003914,True,False,False
PATH000004015,True,False,False
PATH000004192,True,False,False
PATH000004200,True,False,False
PATH000003898,True,False,False
PATH000004967,True,False,False
PATH000004534,True,False,False
PATH000004900,True,False,False
PATH000005454,True,False,False
PATH000007324,True,False,False
PATH000007474,True,False,False
PATH000008276,True,False,False
PATH000003906,True,False,False
PATH000003905,True,False,False
PATH000004146,True,False,False
PATH000004173,True,False,False
PATH000004733,True,False,False
PATH000004827,True,False,False
PATH000004766,True,False,False
PATH000007062,True,False,False
PATH000005195,True,False,False
PATH000005686,True,False,False
PATH000005276,True,False,False
PATH000005070,True,False,False
PATH000005172,True,False,False
PATH000007476,True,False,False
PATH000007910,True,False,False
PATH000007708,True,False,False
PATH000007983,True,False,False
PATH000008044,True,False,False
PATH000007582,True,False,False
PATH000008431,True,False,False
PATH000009875,True,False,False
PATH000004421,True,False,False
PATH000004852,True,False,False
PATH000004110,True,False,False
PATH000004773,True,False,False
PATH000008285,True,False,False
PATH000005254,True,False,False
PATH000005132,True,False,False
PATH000005669,True,False,False
PATH000006014,True,False,False
PATH000007117,True,False,False
PATH000007158,True,False,False
PATH000007115,True,False,False
PATH000007350,True,False,False
PATH000007373,True,False,False
PATH000007499,True,False,False
PATH000007540,True,False,False
PATH000004729,True,False,False
PATH000003964,True,False,False
PATH000003987,True,False,False
PATH000004070,True,False,False
PATH000004073,True,False,False
PATH000004314,True,False,False
PATH000003930,True,False,False
PATH000004056,True,False,False
PATH000004191,True,False,False
PATH000003962,True,False,False
PATH000004520,True,False,False
PATH000004808,True,False,False
PATH000005557,True,False,False
PATH000005579,True,False,False
PATH000005627,True,False,False
PATH000007266,True,False,False
PATH000007463,True,False,False
PATH000007711,True,False,False
PATH000004099,True,False,False
PATH000004113,True,False,False
PATH000004178,True,False,False
PATH000003937,True,False,False
PATH000004350,True,False,False
PATH000004386,True,False,False
PATH000004455,True,False,False
PATH000005606,True,False,False
PATH000005663,True,False,False
PATH000005478,True,False,False
PATH000005576,True,False,False
PATH000005886,True,False,False
PATH000007575,True,False,False
PATH000007706,True,False,False
PATH000004162,True,False,False
PATH000004168,True,False,False
PATH000004612,True,False,False
PATH000004331,True,False,False
PATH000004751,True,False,False
PATH000004511,True,False,False
PATH000004519,True,False,False
PATH000004609,True,False,False
PATH000004836,True,False,False
PATH000004825,True,False,False
PATH000004468,True,False,False
PATH000004655,True,False,False
PATH000004412,True,False,False
PATH000004473,True,False,False
PATH000005974,True,False,False
PATH000007386,True,False,False
PATH000007403,True,False,False
PATH000007625,True,False,False
PATH000004537,True,False,False
PATH000004899,True,False,False
PATH000005443,True,False,False
PATH000005749,True,False,False
PATH000005125,True,False,False
PATH000005317,True,False,False
PATH000008035,True,False,False
PATH000008352,True,False,False
PATH000009515,True,False,False
PATH000005872,True,False,False
PATH000005108,True,False,False
PATH000004637,True,False,False
PATH000004617,True,False,False
PATH000004274,True,False,False
PATH000004398,True,False,False
PATH000004938,True,False,False
PATH000005080,True,False,False
PATH000005136,True,False,False
PATH000005418,True,False,False
PATH000005278,True,False,False
PATH000005650,True,False,False
PATH000007677,True,False,False
PATH000007411,True,False,False
PATH000009516,True,False,False
PATH000000052,True,False,False
PATH000000049,True,False,False
PATH000000061,True,False,False
PATH000000047,True,False,False
PATH000000039,True,False,False
PATH000000899,True,False,False
PATH000005046,True,False,False
PATH000006382,True,False,False
PATH000008635,True,False,False
PATH000008438,True,False,False
PATH000006265,True,False,False
PATH000006716,True,False,False
PATH000006747,True,False,False
PATH000008691,True,False,False
PATH000006617,True,False,False
PATH000006309,True,False,False
PATH000006470,True,False,False
PATH000006347,True,False,False
PATH000006237,True,False,False
PATH000012001,True,False,False
PATH000006560,True,False,False
PATH000006256,True,False,False
PATH000012412,True,False,False
PATH000008663,True,False,False
PATH000013619,True,False,False
PATH000006125,True,False,False
PATH000006627,True,False,False
PATH000006340,True,False,False
PATH000007147,True,False,False
PATH000006810,True,False,False
PATH000008258,True,False,False
PATH000006423,True,False,False
PATH000006787,True,False,False
PATH000012632,True,False,False
PATH000006312,True,False,False
PATH000007792,True,False,False
PATH000006503,True,False,False
PATH000006644,True,False,False
PATH000013642,True,False,False
PATH000006583,True,False,False
PATH000008081,True,False,False
PATH000006518,True,False,False
PATH000006180,True,False,False
PATH000006230,True,False,False
PATH000008338,True,False,False
PATH000006468,True,False,False
PATH000006360,True,False,False
PATH000006231,True,False,False
PATH000008439,True,False,False
PATH000006166,True,False,False
PATH000006113,True,False,False
PATH000006580,True,False,False
PATH000008714,True,False,False
PATH000011982,True,False,False
PATH000006670,True,False,False
PATH000006656,True,False,False
PATH000006546,True,False,False
PATH000008751,True,False,False
PATH000006377,True,False,False
PATH000007799,True,False,False
PATH000006415,True,False,False
PATH000008344,True,False,False
PATH000006639,True,False,False
PATH000007932,True,False,False
PATH000006643,True,False,False
PATH000008169,True,False,False
PATH000006460,True,False,False
PATH000006598,True,False,False
PATH000006513,True,False,False
PATH000006213,True,False,False
PATH000006611,True,False,False
PATH000006609,True,False,False
PATH000006341,True,False,False
PATH000006545,True,False,False
PATH000013601,True,False,False
PATH000006459,True,False,False
PATH000006737,True,False,False
PATH000008087,True,False,False
PATH000006397,True,False,False
PATH000006287,True,False,False
PATH000006802,True,False,False
PATH000008725,True,False,False
PATH000008291,True,False,False
PATH000008286,True,False,False
PATH000007636,True,False,False
PATH000008617,True,False,False
PATH000008569,True,False,False
PATH000006185,True,False,False
PATH000008159,True,False,False
PATH000008304,True,False,False
PATH000006502,True,False,False
PATH000006735,True,False,False
PATH000008647,True,False,False
PATH000008179,True,False,False
PATH000008579,True,False,False
PATH000008077,True,False,False
PATH000008877,True,False,False
PATH000011915,True,False,False
PATH000008259,True,False,False
PATH000008462,True,False,False
PATH000007204,True,False,False
PATH000007054,True,False,False
PATH000008229,True,False,False
PATH000008289,True,False,False
PATH000008810,True,False,False
PATH000008591,True,False,False
PATH000007615,True,False,False
PATH000006398,True,False,False
PATH000007149,True,False,False
PATH000008260,True,False,False
PATH000007263,True,False,False
PATH000007887,True,False,False
PATH000007225,True,False,False
PATH000008736,True,False,False
PATH000007935,True,False,False
PATH000008837,True,False,False
PATH000007112,True,False,False
PATH000008390,True,False,False
PATH000008418,True,False,False
PATH000008669,True,False,False
PATH000007262,True,False,False
PATH000008428,True,False,False
PATH000008718,True,False,False
PATH000012028,True,False,False
PATH000008221,True,False,False
PATH000007889,True,False,False
PATH000008317,True,False,False
PATH000007209,True,False,False
PATH000007283,True,False,False
PATH000007100,True,False,False
PATH000008668,True,False,False
PATH000007179,True,False,False
PATH000008743,True,False,False
PATH000008697,True,False,False
PATH000008799,True,False,False
PATH000008653,True,False,False
PATH000008603,True,False,False
PATH000008759,True,False,False
PATH000009745,True,False,False
PATH000009462,True,False,False
PATH000009778,True,False,False
PATH000009441,True,False,False
PATH000009442,True,False,False
PATH000009506,True,False,False
PATH000009933,True,False,False
PATH000009479,True,False,False
PATH000009900,True,False,False
PATH000009881,True,False,False
PATH000009807,True,False,False
PATH000009927,True,False,False
PATH000009446,True,False,False
PATH000009572,True,False,False
PATH000009883,True,False,False
PATH000009717,True,False,False
PATH000009871,True,False,False
PATH000009524,True,False,False
PATH000009595,True,False,False
PATH000009528,True,False,False
PATH000009696,True,False,False
PATH000009518,True,False,False
PATH000009457,True,False,False
PATH000009697,True,False,False
PATH000009940,True,False,False
PATH000009837,True,False,False
PATH000009449,True,False,False
PATH000009779,True,False,False
PATH000009389,True,False,False
PATH000009520,True,False,False
PATH000009614,True,False,False
PATH000009482,True,False,False
PATH000009408,True,False,False
PATH000009844,True,False,False
PATH000009944,True,False,False
PATH000009503,True,False,False
PATH000009861,True,False,False
PATH000009463,True,False,False
PATH000009894,True,False,False
PATH000009839,True,False,False
PATH000009987,True,False,False
PATH000009780,True,False,False
PATH000009447,True,False,False
PATH000009452,True,False,False
PATH000009714,True,False,False
PATH000009858,True,False,False
PATH000009943,True,False,False
PATH000009857,True,False,False
PATH000009967,True,False,False
PATH000009461,True,False,False
PATH000009980,True,False,False
PATH000009432,True,False,False
PATH000009974,True,False,False
PATH000009382,True,False,False
PATH000009636,True,False,False
PATH000009633,True,False,False
PATH000009813,True,False,False
PATH000009368,True,False,False
PATH000009679,True,False,False
PATH000009676,True,False,False
PATH000009932,True,False,False
PATH000009760,True,False,False
PATH000009418,True,False,False
PATH000009678,True,False,False
PATH000009798,True,False,False
PATH000009976,True,False,False
PATH000009666,True,False,False
PATH000009702,True,False,False
PATH000009971,True,False,False
PATH000010003,True,False,False
PATH000009725,True,False,False
PATH000009538,True,False,False
PATH000009657,True,False,False
PATH000009948,True,False,False
PATH000009693,True,False,False
PATH000009654,True,False,False
PATH000009560,True,False,False
PATH000009756,True,False,False
PATH000009800,True,False,False
PATH000009414,True,False,False
PATH000009646,True,False,False
PATH000009440,True,False,False
PATH000009502,True,False,False
PATH000009673,True,False,False
PATH000009732,True,False,False
PATH000009419,True,False,False
PATH000009775,True,False,False
PATH000009367,True,False,False
PATH000009862,True,False,False
PATH000004389,True,False,False
PATH000004861,True,False,False
PATH000004879,True,False,False
PATH000009375,True,False,False
PATH000009797,True,False,False
PATH000009635,True,False,False
PATH000009897,True,False,False
PATH000004768,True,False,False
PATH000004255,True,False,False
PATH000004435,True,False,False
PATH000004833,True,False,False
PATH000004917,True,False,False
PATH000004370,True,False,False
PATH000004662,True,False,False
PATH000004780,True,False,False
PATH000004711,True,False,False
PATH000004778,True,False,False
PATH000004382,True,False,False
PATH000004305,True,False,False
PATH000004796,True,False,False
PATH000004280,True,False,False
PATH000004463,True,False,False
PATH000004258,True,False,False
PATH000004529,True,False,False
PATH000004752,True,False,False
PATH000004288,True,False,False
PATH000004417,True,False,False
PATH000004332,True,False,False
PATH000004806,True,False,False
PATH000009547,True,False,False
PATH000010005,True,False,False
PATH000009953,True,False,False
PATH000010001,True,False,False
PATH000009848,True,False,False
PATH000009691,True,False,False
PATH000009908,True,False,False
PATH000009616,True,False,False
PATH000009632,True,False,False
PATH000009623,True,False,False
PATH000009990,True,False,False
PATH000009583,True,False,False
PATH000009939,True,False,False
PATH000009670,True,False,False
PATH000009781,True,False,False
PATH000009549,True,False,False
PATH000009721,True,False,False
PATH000009453,True,False,False
PATH000004922,True,False,False
PATH000004328,True,False,False
PATH000010007,True,False,False
PATH000009469,True,False,False
PATH000009902,True,False,False
PATH000009427,True,False,False
PATH000009610,True,False,False
PATH000009519,True,False,False
PATH000009533,True,False,False
PATH000009699,True,False,False
PATH000009465,True,False,False
PATH000009639,True,False,False
PATH000009545,True,False,False
PATH000009847,True,False,False
PATH000009947,True,False,False
PATH000009729,True,False,False
PATH000009827,True,False,False
PATH000009459,True,False,False
PATH000009922,True,False,False
PATH000009689,True,False,False
PATH000009832,True,False,False
PATH000004430,True,False,False
PATH000009575,True,False,False
PATH000009630,True,False,False
PATH000010004,True,False,False
PATH000009532,True,False,False
PATH000009466,True,False,False
PATH000009876,True,False,False
PATH000009774,True,False,False
PATH000009792,True,False,False
PATH000009507,True,False,False
PATH000009570,True,False,False
PATH000009492,True,False,False
PATH000009763,True,False,False
PATH000000646,True,False,False
PATH000000659,True,False,False
PATH000000633,True,False,False
PATH000000672,True,False,False
PATH000000656,True,False,False
PATH000000647,True,False,False
PATH000000644,True,False,False
PATH000000609,True,False,False
PATH000000620,True,False,False
PATH000000649,True,False,False
PATH000000671,True,False,False
PATH000000605,True,False,False
PATH000000653,True,False,False
PATH000012102,True,False,False
PATH000012301,True,False,False
PATH000012366,True,False,False
PATH000000664,True,False,False
PATH000000635,True,False,False
PATH000000610,True,False,False
PATH000000608,True,False,False
PATH000000611,True,False,False
PATH000000657,True,False,False
PATH000000677,True,False,False
PATH000000619,True,False,False
PATH000000625,True,False,False
PATH000000645,True,False,False
PATH000000618,True,False,False
PATH000000668,True,False,False
PATH000000615,True,False,False
PATH000000630,True,False,False
PATH000000648,True,False,False
PATH000000679,True,False,False
PATH000000686,True,False,False
PATH000000606,True,False,False
PATH000000628,True,False,False
PATH000000652,True,False,False
PATH000000680,True,False,False
PATH000000640,True,False,False
PATH000000675,True,False,False
PATH000000614,True,False,False
PATH000000643,True,False,False
PATH000000662,True,False,False
PATH000000683,True,False,False
PATH000002608,True,False,False
PATH000002999,True,False,False
PATH000003080,True,False,False
PATH000000661,True,False,False
PATH000000604,True,False,False
PATH000000676,True,False,False
PATH000000626,True,False,False
PATH000000775,True,False,False
PATH000000703,True,False,False
PATH000002689,True,False,False
PATH000000691,True,False,False
PATH000000719,True,False,False
PATH000000729,True,False,False
PATH000000767,True,False,False
PATH000000770,True,False,False
PATH000000702,True,False,False
PATH000000762,True,False,False
PATH000000725,True,False,False
PATH000000760,True,False,False
PATH000000773,True,False,False
PATH000000705,True,False,False
PATH000000701,True,False,False
PATH000000704,True,False,False
PATH000000698,True,False,False
PATH000000689,True,False,False
PATH000000695,True,False,False
PATH000000739,True,False,False
PATH000000687,True,False,False
PATH000002696,True,False,False
PATH000002802,True,False,False
PATH000003202,True,False,False
PATH000007871,True,False,False
PATH000000696,True,False,False
PATH000000771,True,False,False
PATH000000731,True,False,False
PATH000013750,True,False,False
PATH000013752,True,False,False
PATH000013755,True,False,False
PATH000002824,True,False,False
PATH000001550,True,False,False
PATH000007685,True,False,False
PATH000007738,True,False,False
PATH000012709,True,False,False
PATH000003894,True,False,False
PATH000002663,True,False,False
PATH000000617,True,False,False
PATH000000627,True,False,False
PATH000000629,True,False,False
PATH000000658,True,False,False
PATH000001732,True,False,False
PATH000003212,True,False,False
PATH000006855,True,False,False
PATH000007710,True,False,False
PATH000008023,True,False,False
PATH000007471,True,False,False
PATH000000638,True,False,False
PATH000007577,True,False,False
PATH000007727,True,False,False
PATH000008036,True,False,False
PATH000013548,True,False,False
PATH000013500,True,False,False
PATH000013582,True,False,False
PATH000001733,True,False,False
PATH000011964,True,False,False
PATH000011966,True,False,False
PATH000002904,True,False,False
PATH000002777,True,False,False
PATH000000616,True,False,False
PATH000001540,True,False,False
PATH000001559,True,False,False
PATH000001706,True,False,False
PATH000002713,True,False,False
PATH000000750,True,False,False
PATH000007739,True,False,False
PATH000007994,True,False,False
PATH000011796,True,False,False
PATH000006066,True,False,False
PATH000013567,True,False,False
PATH000008042,True,False,False
PATH000013599,True,False,False
PATH000013603,True,False,False
PATH000001716,True,False,False
PATH000002877,True,False,False
PATH000003160,True,False,False
PATH000003239,True,False,False
PATH000002793,True,False,False
PATH000003861,True,False,False
PATH000000711,True,False,False
PATH000000755,True,False,False
PATH000000769,True,False,False
PATH000003063,True,False,False
PATH000000743,True,False,False
PATH000002600,True,False,False
PATH000002684,True,False,False
PATH000003049,True,False,False
PATH000000726,True,False,False
PATH000000759,True,False,False
PATH000001747,True,False,False
PATH000003885,True,False,False
PATH000001724,True,False,False
PATH000003216,True,False,False
PATH000003234,True,False,False
PATH000002578,True,False,False
PATH000001711,True,False,False
PATH000002786,True,False,False
PATH000001304,True,False,False
PATH000001308,True,False,False
PATH000000682,True,False,False
PATH000002949,True,False,False
PATH000006825,True,False,False
PATH000001730,True,False,False
PATH000000666,True,False,False
PATH000007835,True,False,False
PATH000001721,True,False,False
PATH000001678,True,False,False
PATH000006822,True,False,False
PATH000000623,True,False,False
PATH000000624,True,False,False
PATH000000742,True,False,False
PATH000003112,True,False,False
PATH000000774,True,False,False
PATH000013600,True,False,False
PATH000013565,True,False,False
PATH000003865,True,False,False
PATH000003869,True,False,False
PATH000013542,True,False,False
PATH000000714,True,False,False
PATH000001745,True,False,False
PATH000001698,True,False,False
PATH000000694,True,False,False
PATH000003878,True,False,False
PATH000007763,True,False,False
PATH000007849,True,False,False
PATH000007930,True,False,False
PATH000011973,True,False,False
PATH000002641,True,False,False
PATH000001669,True,False,False
PATH000000631,True,False,False
PATH000000639,True,False,False
PATH000012764,True,False,False
PATH000001719,True,False,False
PATH000001537,True,False,False
PATH000001545,True,False,False
PATH000001723,True,False,False
PATH000000660,True,False,False
PATH000007864,True,False,False
PATH000007891,True,False,False
PATH000007943,True,False,False
PATH000006041,True,False,False
PATH000002836,True,False,False
PATH000002946,True,False,False
PATH000000734,True,False,False
PATH000000746,True,False,False
PATH000000756,True,False,False
PATH000001695,True,False,False
PATH000000720,True,False,False
PATH000007699,True,False,False
PATH000001664,True,False,False
PATH000000634,True,False,False
PATH000000744,True,False,False
PATH000001748,True,False,False
PATH000001709,True,False,False
PATH000003116,True,False,False
PATH000002881,True,False,False
PATH000002827,True,False,False
PATH000000738,True,False,False
PATH000000748,True,False,False
PATH000000754,True,False,False
PATH000000761,True,False,False
PATH000002956,True,False,False
PATH000003103,True,False,False
PATH000002811,True,False,False
PATH000007507,True,False,False
PATH000002597,True,False,False
PATH000001687,True,False,False
PATH000007616,True,False,False
PATH000007627,True,False,False
PATH000007881,True,False,False
PATH000000730,True,False,False
PATH000000745,True,False,False
PATH000000727,True,False,False
PATH000000749,True,False,False
PATH000000736,True,False,False
PATH000000763,True,False,False
PATH000000753,True,False,False
PATH000003183,True,False,False
PATH000003184,True,False,False
PATH000008040,True,False,False
PATH000001743,True,False,False
PATH000000192,True,False,False
PATH000000200,True,False,False
PATH000000218,True,False,False
PATH000000187,True,False,False
PATH000000223,True,False,False
PATH000000221,True,False,False
PATH000000260,True,False,False
PATH000000230,True,False,False
PATH000000206,True,False,False
PATH000000242,True,False,False
PATH000000247,True,False,False
PATH000000272,True,False,False
PATH000000262,True,False,False
PATH000000207,True,False,False
PATH000000249,True,False,False
PATH000000188,True,False,False
PATH000000203,True,False,False
PATH000008895,True,False,False
PATH000000185,True,False,False
PATH000000194,True,False,False
PATH000000204,True,False,False
PATH000008970,True,False,False
PATH000009023,True,False,False
PATH000000189,True,False,False
PATH000000259,True,False,False
PATH000000280,True,False,False
PATH000000294,True,False,False
PATH000000308,True,False,False
PATH000000290,True,False,False
PATH000000312,True,False,False
PATH000000305,True,False,False
PATH000000317,True,False,False
PATH000000286,True,False,False
PATH000000298,True,False,False
PATH000000303,True,False,False
PATH000000307,True,False,False
PATH000000395,True,False,False
PATH000000405,True,False,False
PATH000000288,True,False,False
PATH000000310,True,False,False
PATH000000297,True,False,False
PATH000000314,True,False,False
PATH000006016,True,False,False
PATH000006081,True,False,False
PATH000000293,True,False,False
PATH000000295,True,False,False
PATH000000284,True,False,False
PATH000000301,True,False,False
PATH000000287,True,False,False
PATH000000316,True,False,False
PATH000000296,True,False,False
PATH000000309,True,False,False
PATH000000302,True,False,False
PATH000000304,True,False,False
PATH000000289,True,False,False
PATH000000344,True,False,False
PATH000000306,True,False,False
PATH000000315,True,False,False
PATH000000299,True,False,False
PATH000000292,True,False,False
PATH000000300,True,False,False
PATH000000311,True,False,False
PATH000000318,True,False,False
PATH000000321,True,False,False
PATH000000323,True,False,False
PATH000000332,True,False,False
PATH000000324,True,False,False
PATH000000322,True,False,False
PATH000000330,True,False,False
PATH000000319,True,False,False
PATH000000328,True,False,False
PATH000000320,True,False,False
PATH000000326,True,False,False
PATH000000331,True,False,False
PATH000000325,True,False,False
PATH000000333,True,False,False
PATH000004208,True,False,False
PATH000004213,True,False,False
PATH000004214,True,False,False
PATH000004211,True,False,False
PATH000004222,True,False,False
PATH000008949,True,False,False
PATH000008913,True,False,False
PATH000009028,True,False,False
PATH000004223,True,False,False
PATH000004207,True,False,False
PATH000004212,True,False,False
PATH000004221,True,False,False
PATH000008926,True,False,False
PATH000008937,True,False,False
PATH000004210,True,False,False
PATH000004220,True,False,False
PATH000009068,True,False,False
PATH000009270,True,False,False
PATH000004218,True,False,False
PATH000009044,True,False,False
PATH000009220,True,False,False
PATH000009158,True,False,False
PATH000009181,True,False,False
PATH000009009,True,False,False
PATH000009054,True,False,False
PATH000004232,True,False,False
PATH000009206,True,False,False
PATH000004231,True,False,False
PATH000004238,True,False,False
PATH000000342,True,False,False
PATH000000347,True,False,False
PATH000008973,True,False,False
PATH000009065,True,False,False
PATH000008976,True,False,False
PATH000009218,True,False,False
PATH000008908,True,False,False
PATH000009000,True,False,False
PATH000008986,True,False,False
PATH000009217,True,False,False
PATH000004239,True,False,False
PATH000008920,True,False,False
PATH000008930,True,False,False
PATH000009115,True,False,False
PATH000009033,True,False,False
PATH000009117,True,False,False
PATH000009179,True,False,False
PATH000008880,True,False,False
PATH000009108,True,False,False
PATH000009229,True,False,False
PATH000009249,True,False,False
PATH000009080,True,False,False
PATH000009202,True,False,False
PATH000004237,True,False,False
PATH000004241,True,False,False
PATH000008892,True,False,False
PATH000009255,True,False,False
PATH000009122,True,False,False
PATH000009165,True,False,False
PATH000009102,True,False,False
PATH000008966,True,False,False
PATH000009125,True,False,False
PATH000004224,True,False,False
PATH000004226,True,False,False
PATH000008990,True,False,False
PATH000009172,True,False,False
PATH000004228,True,False,False
PATH000004234,True,False,False
PATH000009082,True,False,False
PATH000009266,True,False,False
PATH000009164,True,False,False
PATH000009211,True,False,False
PATH000008885,True,False,False
PATH000008929,True,False,False
PATH000008993,True,False,False
PATH000008884,True,False,False
PATH000009093,True,False,False
PATH000000380,True,False,False
PATH000000407,True,False,False
PATH000009139,True,False,False
PATH000009198,True,False,False
PATH000008903,True,False,False
PATH000009154,True,False,False
PATH000009010,True,False,False
PATH000009213,True,False,False
PATH000009147,True,False,False
PATH000009224,True,False,False
PATH000008987,True,False,False
PATH000009197,True,False,False
PATH000009074,True,False,False
PATH000009142,True,False,False
PATH000004233,True,False,False
PATH000009086,True,False,False
PATH000009227,True,False,False
PATH000000343,True,False,False
PATH000000354,True,False,False
PATH000008928,True,False,False
PATH000009231,True,False,False
PATH000008953,True,False,False
PATH000009131,True,False,False
PATH000000339,True,False,False
PATH000000348,True,False,False
PATH000008910,True,False,False
PATH000008957,True,False,False
PATH000000335,True,False,False
PATH000000352,True,False,False
PATH000009085,True,False,False
PATH000009109,True,False,False
PATH000000336,True,False,False
PATH000000346,True,False,False
PATH000000349,True,False,False
PATH000000355,True,False,False
PATH000009026,True,False,False
PATH000009089,True,False,False
PATH000000545,True,False,False
PATH000009042,True,False,False
PATH000009267,True,False,False
PATH000000334,True,False,False
PATH000000337,True,False,False
PATH000008984,True,False,False
PATH000009046,True,False,False
PATH000009234,True,False,False
PATH000009003,True,False,False
PATH000009004,True,False,False
PATH000000340,True,False,False
PATH000000351,True,False,False
PATH000009092,True,False,False
PATH000000373,True,False,False
PATH000000375,True,False,False
PATH000009013,True,False,False
PATH000009214,True,False,False
PATH000009069,True,False,False
PATH000009148,True,False,False
PATH000000372,True,False,False
PATH000008994,True,False,False
PATH000009094,True,False,False
PATH000000543,True,False,False
PATH000009180,True,False,False
PATH000009263,True,False,False
PATH000000531,True,False,False
PATH000000534,True,False,False
PATH000000369,True,False,False
PATH000000370,True,False,False
PATH000009149,True,False,False
PATH000009152,True,False,False
PATH000008898,True,False,False
PATH000009174,True,False,False
PATH000009106,True,False,False
PATH000009130,True,False,False
PATH000008935,True,False,False
PATH000009247,True,False,False
PATH000000357,True,False,False
PATH000000358,True,False,False
PATH000008975,True,False,False
PATH000008991,True,False,False
PATH000000359,True,False,False
PATH000000365,True,False,False
PATH000000361,True,False,False
PATH000000376,True,False,False
PATH000009183,True,False,False
PATH000009253,True,False,False
PATH000008978,True,False,False
PATH000009271,True,False,False
PATH000008997,True,False,False
PATH000009274,True,False,False
PATH000000530,True,False,False
PATH000009020,True,False,False
PATH000009190,True,False,False
PATH000000360,True,False,False
PATH000000368,True,False,False
PATH000009039,True,False,False
PATH000009256,True,False,False
PATH000009275,True,False,False
PATH000009145,True,False,False
PATH000009151,True,False,False
PATH000008905,True,False,False
PATH000009081,True,False,False
PATH000009187,True,False,False
PATH000008914,True,False,False
PATH000008974,True,False,False
PATH000008985,True,False,False
PATH000009257,True,False,False
PATH000008964,True,False,False
PATH000009037,True,False,False
PATH000009007,True,False,False
PATH000009169,True,False,False
PATH000009105,True,False,False
PATH000009264,True,False,False
PATH000000366,True,False,False
PATH000000371,True,False,False
PATH000000356,True,False,False
PATH000000374,True,False,False
PATH000008889,True,False,False
PATH000009107,True,False,False
PATH000008911,True,False,False
PATH000009233,True,False,False
PATH000009265,True,False,False
PATH000009025,True,False,False
PATH000009058,True,False,False
PATH000009021,True,False,False
PATH000009262,True,False,False
PATH000009178,True,False,False
PATH000009276,True,False,False
PATH000008939,True,False,False
PATH000009161,True,False,False
PATH000009030,True,False,False
PATH000009071,True,False,False
PATH000008888,True,False,False
PATH000009012,True,False,False
PATH000009072,True,False,False
PATH000009192,True,False,False
PATH000009176,True,False,False
PATH000009225,True,False,False
PATH000008999,True,False,False
PATH000009268,True,False,False
PATH000009272,True,False,False
PATH000009159,True,False,False
PATH000009246,True,False,False
PATH000008919,True,False,False
PATH000009144,True,False,False
PATH000008912,True,False,False
PATH000008916,True,False,False
PATH000009002,True,False,False
PATH000009251,True,False,False
PATH000008925,True,False,False
PATH000009236,True,False,False
PATH000000382,True,False,False
PATH000000399,True,False,False
PATH000008924,True,False,False
PATH000009128,True,False,False
PATH000000537,True,False,False
PATH000000383,True,False,False
PATH000000384,True,False,False
PATH000008918,True,False,False
PATH000009073,True,False,False
PATH000008931,True,False,False
PATH000009250,True,False,False
PATH000009134,True,False,False
PATH000008897,True,False,False
PATH000008981,True,False,False
PATH000000392,True,False,False
PATH000000401,True,False,False
PATH000008887,True,False,False
PATH000008942,True,False,False
PATH000009077,True,False,False
PATH000009204,True,False,False
PATH000009153,True,False,False
PATH000009195,True,False,False
PATH000000403,True,False,False
PATH000009090,True,False,False
PATH000009100,True,False,False
PATH000000529,True,False,False
PATH000000542,True,False,False
PATH000000546,True,False,False
PATH000009116,True,False,False
PATH000009193,True,False,False
PATH000000532,True,False,False
PATH000009138,True,False,False
PATH000009136,True,False,False
PATH000009243,True,False,False
PATH000008917,True,False,False
PATH000008902,True,False,False
PATH000009156,True,False,False
PATH000008878,True,False,False
PATH000009114,True,False,False
PATH000009001,True,False,False
PATH000009084,True,False,False
PATH000008960,True,False,False
PATH000009008,True,False,False
PATH000008947,True,False,False
PATH000009096,True,False,False
PATH000008948,True,False,False
PATH000009182,True,False,False
PATH000009230,True,False,False
PATH000008921,True,False,False
PATH000009099,True,False,False
PATH000008900,True,False,False
PATH000009259,True,False,False
PATH000000379,True,False,False
PATH000000402,True,False,False
PATH000009104,True,False,False
PATH000009226,True,False,False
PATH000000388,True,False,False
PATH000000396,True,False,False
PATH000000378,True,False,False
PATH000008998,True,False,False
PATH000009173,True,False,False
PATH000000398,True,False,False
PATH000000409,True,False,False
PATH000009223,True,False,False
PATH000000381,True,False,False
PATH000000389,True,False,False
PATH000008954,True,False,False
PATH000009175,True,False,False
PATH000009146,True,False,False
PATH000009047,True,False,False
PATH000009207,True,False,False
PATH000000533,True,False,False
PATH000000535,True,False,False
PATH000008907,True,False,False
PATH000009111,True,False,False
PATH000008963,True,False,False
PATH000009119,True,False,False
PATH000000028,True,False,False
PATH000000027,True,False,False
PATH000000026,True,False,False
PATH000000016,True,False,False
PATH000000020,True,False,False
PATH000000015,True,False,False
PATH000000012,True,False,False
PATH000000032,True,False,False
PATH000000031,True,False,False
PATH000000019,True,False,False
PATH000000014,True,False,False
PATH000000017,True,False,False
PATH000000033,True,False,False
PATH000003191,True,False,False
PATH000003192,True,False,False
PATH000003136,True,False,False
PATH000002602,True,False,False
PATH000002667,True,False,False
PATH000002812,True,False,False
PATH000002987,True,False,False
PATH000002995,True,False,False
PATH000002930,True,False,False
PATH000003141,True,False,False
PATH000002795,True,False,False
PATH000002833,True,False,False
PATH000003119,True,False,False
PATH000002905,True,False,False
PATH000002996,True,False,False
PATH000002924,True,False,False
PATH000003203,True,False,False
PATH000003247,True,False,False
PATH000002760,True,False,False
PATH000002841,True,False,False
PATH000003090,True,False,False
PATH000002599,True,False,False
PATH000003084,True,False,False
PATH000003243,True,False,False
PATH000004686,True,False,False
PATH000004736,True,False,False
PATH000002791,True,False,False
PATH000003246,True,False,False
PATH000003033,True,False,False
PATH000003148,True,False,False
PATH000002869,True,False,False
PATH000003102,True,False,False
PATH000002820,True,False,False
PATH000002879,True,False,False
PATH000002919,True,False,False
PATH000003204,True,False,False
PATH000002878,True,False,False
PATH000003012,True,False,False
PATH000002604,True,False,False
PATH000002882,True,False,False
PATH000002671,True,False,False
PATH000003218,True,False,False
PATH000003040,True,False,False
PATH000003110,True,False,False
PATH000002674,True,False,False
PATH000002858,True,False,False
PATH000002888,True,False,False
PATH000002951,True,False,False
PATH000002582,True,False,False
PATH000002981,True,False,False
PATH000002577,True,False,False
PATH000003226,True,False,False
PATH000003244,True,False,False
PATH000003166,True,False,False
PATH000003169,True,False,False
PATH000002804,True,False,False
PATH000003055,True,False,False
PATH000003072,True,False,False
PATH000003179,True,False,False
PATH000003002,True,False,False
PATH000003133,True,False,False
PATH000002834,True,False,False
PATH000002840,True,False,False
PATH000002736,True,False,False
PATH000002816,True,False,False
PATH000002857,True,False,False
PATH000002939,True,False,False
PATH000002880,True,False,False
PATH000003242,True,False,False
PATH000002730,True,False,False
PATH000002755,True,False,False
PATH000002673,True,False,False
PATH000002883,True,False,False
PATH000003215,True,False,False
PATH000003248,True,False,False
PATH000002947,True,False,False
PATH000003139,True,False,False
PATH000002686,True,False,False
PATH000003046,True,False,False
PATH000002806,True,False,False
PATH000003235,True,False,False
PATH000002618,True,False,False
PATH000002717,True,False,False
PATH000002923,True,False,False
PATH000002865,True,False,False
PATH000002876,True,False,False
PATH000003134,True,False,False
PATH000003194,True,False,False
PATH000003044,True,False,False
PATH000003200,True,False,False
PATH000002694,True,False,False
PATH000002874,True,False,False
PATH000003028,True,False,False
PATH000002644,True,False,False
PATH000002950,True,False,False
PATH000003131,True,False,False
PATH000003098,True,False,False
PATH000002692,True,False,False
PATH000003129,True,False,False
PATH000002763,True,False,False
PATH000003157,True,False,False
PATH000003196,True,False,False
PATH000002662,True,False,False
PATH000003210,True,False,False
PATH000003122,True,False,False
PATH000002932,True,False,False
PATH000003013,True,False,False
PATH000002864,True,False,False
PATH000003152,True,False,False
PATH000002921,True,False,False
PATH000002655,True,False,False
PATH000003155,True,False,False
PATH000002886,True,False,False
PATH000002983,True,False,False
PATH000003221,True,False,False
PATH000003241,True,False,False
PATH000002729,True,False,False
PATH000003043,True,False,False
PATH000002635,True,False,False
PATH000003003,True,False,False
PATH000002591,True,False,False
PATH000002814,True,False,False
PATH000008677,True,False,False
PATH000002690,True,False,False
PATH000002851,True,False,False
PATH000002961,True,False,False
PATH000003053,True,False,False
PATH000003064,True,False,False
PATH000008840,True,False,False
PATH000008717,True,False,False
PATH000008852,True,False,False
PATH000008722,True,False,False
PATH000008688,True,False,False
PATH000008672,True,False,False
PATH000008570,True,False,False
PATH000008765,True,False,False
PATH000008704,True,False,False
PATH000008721,True,False,False
PATH000008727,True,False,False
PATH000008488,True,False,False
PATH000008678,True,False,False
PATH000008576,True,False,False
PATH000008772,True,False,False
PATH000008601,True,False,False
PATH000008671,True,False,False
PATH000008593,True,False,False
PATH000008869,True,False,False
PATH000008477,True,False,False
PATH000008798,True,False,False
PATH000008624,True,False,False
PATH000008673,True,False,False
PATH000008632,True,False,False
PATH000008703,True,False,False
PATH000008604,True,False,False
PATH000008860,True,False,False
PATH000008497,True,False,False
PATH000008748,True,False,False
PATH000008690,True,False,False
PATH000008874,True,False,False
PATH000008568,True,False,False
PATH000008815,True,False,False
PATH000008582,True,False,False
PATH000008788,True,False,False
PATH000008801,True,False,False
PATH000008844,True,False,False
PATH000009287,True,False,False
PATH000009342,True,False,False
PATH000009289,True,False,False
PATH000009311,True,False,False
PATH000009297,True,False,False
PATH000009319,True,False,False
PATH000009336,True,False,False
PATH000009344,True,False,False
PATH000009285,True,False,False
PATH000009364,True,False,False
PATH000009318,True,False,False
PATH000009339,True,False,False
PATH000009305,True,False,False
PATH000009331,True,False,False
PATH000009313,True,False,False
PATH000009345,True,False,False
PATH000009937,True,False,False
PATH000009965,True,False,False
PATH000009489,True,False,False
PATH000009513,True,False,False
PATH000009643,True,False,False
PATH000010024,True,False,False
PATH000009849,True,False,False
PATH000009645,True,False,False
PATH000009692,True,False,False
PATH000009860,True,False,False
PATH000009658,True,False,False
PATH000008482,True,False,False
PATH000008706,True,False,False
PATH000009730,True,False,False
PATH000009785,True,False,False
PATH000009674,True,False,False
PATH000010018,True,False,False
PATH000009764,True,False,False
PATH000009824,True,False,False
PATH000009986,True,False,False
PATH000009416,True,False,False
PATH000009836,True,False,False
PATH000002992,True,False,False
PATH000002652,True,False,False
PATH000004327,True,False,False
PATH000004952,True,False,False
PATH000002885,True,False,False
PATH000002935,True,False,False
PATH000004278,True,False,False
PATH000004535,True,False,False
PATH000004840,True,False,False
PATH000004905,True,False,False
PATH000004282,True,False,False
PATH000004958,True,False,False
PATH000004759,True,False,False
PATH000004828,True,False,False
PATH000004394,True,False,False
PATH000004719,True,False,False
PATH000002771,True,False,False
PATH000002782,True,False,False
PATH000002821,True,False,False
PATH000002890,True,False,False
PATH000002964,True,False,False
PATH000003079,True,False,False
PATH000002770,True,False,False
PATH000002823,True,False,False
PATH000002669,True,False,False
PATH000002927,True,False,False
PATH000003142,True,False,False
PATH000003249,True,False,False
PATH000002659,True,False,False
PATH000003151,True,False,False
PATH000003238,True,False,False
PATH000002706,True,False,False
PATH000003174,True,False,False
PATH000002649,True,False,False
PATH000002902,True,False,False
PATH000008614,True,False,False
PATH000008650,True,False,False
PATH000008578,True,False,False
PATH000008858,True,False,False
PATH000008661,True,False,False
PATH000008812,True,False,False
PATH000008478,True,False,False
PATH000008750,True,False,False
PATH000008468,True,False,False
PATH000008640,True,False,False
PATH000008689,True,False,False
PATH000008809,True,False,False
PATH000008813,True,False,False
PATH000008830,True,False,False
PATH000008493,True,False,False
PATH000008567,True,False,False
PATH000009417,True,False,False
PATH000009954,True,False,False
PATH000009644,True,False,False
PATH000009626,True,False,False
PATH000009652,True,False,False
PATH000009712,True,False,False
PATH000009499,True,False,False
PATH000009669,True,False,False
PATH000009812,True,False,False
PATH000009439,True,False,False
PATH000009443,True,False,False
PATH000013602,True,False,False
PATH000013538,True,False,False
PATH000012243,True,False,False
PATH000012355,True,False,False
PATH000013751,True,False,False
PATH000012199,True,False,False
PATH000012276,True,False,False
PATH000012765,True,False,False
PATH000012695,True,False,False
PATH000012708,True,False,False
PATH000011972,True,False,False
PATH000012047,True,False,False
PATH000013562,True,False,False
PATH000011920,True,False,False
PATH000012020,True,False,False
PATH000012388,True,False,False
PATH000012410,True,False,False
PATH000012587,True,False,False
PATH000012623,True,False,False
PATH000012773,True,False,False
PATH000013581,True,False,False
PATH000013612,True,False,False
PATH000013586,True,False,False
PATH000013496,True,False,False
PATH000012130,True,False,False
PATH000012031,True,False,False
PATH000012321,True,False,False
PATH000012405,True,False,False
PATH000011955,True,False,False
PATH000012423,True,False,False
PATH000012065,True,False,False
PATH000012150,True,False,False
PATH000012586,True,False,False
PATH000012725,True,False,False
PATH000012678,True,False,False
PATH000012617,True,False,False
PATH000012753,True,False,False
PATH000012761,True,False,False
PATH000012714,True,False,False
PATH000012768,True,False,False
PATH000012717,True,False,False
PATH000012719,True,False,False
PATH000012722,True,False,False
PATH000012633,True,False,False
PATH000012639,True,False,False
PATH000012612,True,False,False
PATH000012630,True,False,False
PATH000012724,True,False,False
PATH000012776,True,False,False
PATH000012711,True,False,False
PATH000012592,True,False,False
PATH000012622,True,False,False
PATH000013622,True,False,False
PATH000012611,True,False,False
PATH000012619,True,False,False
PATH000012697,True,False,False
PATH000012779,True,False,False
PATH000012607,True,False,False
PATH000012745,True,False,False
PATH000012603,True,False,False
PATH000012756,True,False,False
PATH000012777,True,False,False
PATH000012598,True,False,False
PATH000012772,True,False,False
PATH000011931,True,False,False
PATH000013571,True,False,False
PATH000013611,True,False,False
PATH000012699,True,False,False
PATH000012710,True,False,False
PATH000012609,True,False,False
PATH000012763,True,False,False
PATH000012590,True,False,False
PATH000012762,True,False,False
PATH000012595,True,False,False
PATH000012770,True,False,False
PATH000012737,True,False,False
PATH000013640,True,False,False
PATH000000956,True,False,False
PATH000000981,True,False,False
PATH000000929,True,False,False
PATH000000965,True,False,False
PATH000005016,True,False,False
PATH000005731,True,False,False
PATH000000930,True,False,False
PATH000000953,True,False,False
PATH000000939,True,False,False
PATH000000955,True,False,False
PATH000000977,True,False,False
PATH000000979,True,False,False
PATH000000950,True,False,False
PATH000000962,True,False,False
PATH000000919,True,False,False
PATH000000968,True,False,False
PATH000001178,True,False,False
PATH000001192,True,False,False
PATH000012051,True,False,False
PATH000012323,True,False,False
PATH000012415,True,False,False
PATH000012417,True,False,False
PATH000012108,True,False,False
PATH000012326,True,False,False
PATH000001928,True,False,False
PATH000001964,True,False,False
PATH000000923,True,False,False
PATH000000963,True,False,False
PATH000001939,True,False,False
PATH000001953,True,False,False
PATH000001267,True,False,False
PATH000001300,True,False,False
PATH000001952,True,False,False
PATH000001954,True,False,False
PATH000001930,True,False,False
PATH000001957,True,False,False
PATH000001260,True,False,False
PATH000001297,True,False,False
PATH000005286,True,False,False
PATH000005844,True,False,False
PATH000005109,True,False,False
PATH000006890,True,False,False
PATH000006920,True,False,False
PATH000005271,True,False,False
PATH000005438,True,False,False
PATH000012249,True,False,False
PATH000011897,True,False,False
PATH000012023,True,False,False
PATH000012067,True,False,False
PATH000012512,True,False,False
PATH000012532,True,False,False
PATH000012483,True,False,False
PATH000012541,True,False,False
PATH000012521,True,False,False
PATH000012539,True,False,False
PATH000001262,True,False,False
PATH000001263,True,False,False
PATH000000594,True,False,False
PATH000000599,True,False,False
PATH000001255,True,False,False
PATH000001273,True,False,False
PATH000001295,True,False,False
PATH000001296,True,False,False
PATH000011977,True,False,False
PATH000012246,True,False,False
PATH000011930,True,False,False
PATH000012258,True,False,False
PATH000012143,True,False,False
PATH000012302,True,False,False
PATH000011927,True,False,False
PATH000011948,True,False,False
PATH000011989,True,False,False
PATH000012084,True,False,False
PATH000012296,True,False,False
PATH000012363,True,False,False
PATH000012460,True,False,False
PATH000012574,True,False,False
PATH000012506,True,False,False
PATH000012556,True,False,False
PATH000000931,True,False,False
PATH000000973,True,False,False
PATH000001932,True,False,False
PATH000001950,True,False,False
PATH000001069,True,False,False
PATH000001091,True,False,False
PATH000001080,True,False,False
PATH000001082,True,False,False
PATH000001093,True,False,False
PATH000001094,True,False,False
PATH000000601,True,False,False
PATH000001825,True,False,False
PATH000001883,True,False,False
PATH000001852,True,False,False
PATH000001890,True,False,False
PATH000001832,True,False,False
PATH000001892,True,False,False
PATH000001905,True,False,False
PATH000001918,True,False,False
PATH000001969,True,False,False
PATH000001978,True,False,False
PATH000005183,True,False,False
PATH000005848,True,False,False
PATH000005013,True,False,False
PATH000005202,True,False,False
PATH000004994,True,False,False
PATH000005643,True,False,False
PATH000012377,True,False,False
PATH000012003,True,False,False
PATH000012043,True,False,False
PATH000012197,True,False,False
PATH000012314,True,False,False
PATH000012136,True,False,False
PATH000012425,True,False,False
PATH000011894,True,False,False
PATH000011993,True,False,False
PATH000012203,True,False,False
PATH000012114,True,False,False
PATH000012479,True,False,False
PATH000012551,True,False,False
PATH000000941,True,False,False
PATH000000949,True,False,False
PATH000000917,True,False,False
PATH000000980,True,False,False
PATH000012476,True,False,False
PATH000012489,True,False,False
PATH000012431,True,False,False
PATH000012537,True,False,False
PATH000011974,True,False,False
PATH000012380,True,False,False
PATH000012214,True,False,False
PATH000012245,True,False,False
PATH000011929,True,False,False
PATH000012077,True,False,False
PATH000001022,True,False,False
PATH000001073,True,False,False
PATH000001161,True,False,False
PATH000001164,True,False,False
PATH000001486,True,False,False
PATH000001529,True,False,False
PATH000001499,True,False,False
PATH000001505,True,False,False
PATH000001511,True,False,False
PATH000012220,True,False,False
PATH000012257,True,False,False
PATH000001835,True,False,False
PATH000001898,True,False,False
PATH000006860,True,False,False
PATH000006909,True,False,False
PATH000001850,True,False,False
PATH000001888,True,False,False
PATH000001039,True,False,False
PATH000001057,True,False,False
PATH000001111,True,False,False
PATH000001152,True,False,False
PATH000001473,True,False,False
PATH000001979,True,False,False
PATH000001991,True,False,False
PATH000001480,True,False,False
PATH000001492,True,False,False
PATH000001510,True,False,False
PATH000001528,True,False,False
PATH000001487,True,False,False
PATH000001497,True,False,False
PATH000011896,True,False,False
PATH000012238,True,False,False
PATH000012057,True,False,False
PATH000012394,True,False,False
PATH000012433,True,False,False
PATH000012501,True,False,False
PATH000012432,True,False,False
PATH000012447,True,False,False
PATH000012437,True,False,False
PATH000012562,True,False,False
PATH000001110,True,False,False
PATH000001168,True,False,False
PATH000012439,True,False,False
PATH000012448,True,False,False
PATH000012542,True,False,False
PATH000012567,True,False,False
PATH000001122,True,False,False
PATH000001125,True,False,False
PATH000001149,True,False,False
PATH000001162,True,False,False
PATH000001077,True,False,False
PATH000001089,True,False,False
PATH000001048,True,False,False
PATH000001075,True,False,False
PATH000000578,True,False,False
PATH000000603,True,False,False
PATH000012335,True,False,False
PATH000012348,True,False,False
PATH000001923,True,False,False
PATH000001935,True,False,False
PATH000001134,True,False,False
PATH000001160,True,False,False
PATH000001137,True,False,False
PATH000001139,True,False,False
PATH000001101,True,False,False
PATH000001144,True,False,False
PATH000002005,True,False,False
PATH000002006,True,False,False
PATH000005103,True,False,False
PATH000005194,True,False,False
PATH000005572,True,False,False
PATH000005821,True,False,False
PATH000005608,True,False,False
PATH000005610,True,False,False
PATH000012055,True,False,False
PATH000011969,True,False,False
PATH000012408,True,False,False
PATH000012088,True,False,False
PATH000012048,True,False,False
PATH000012411,True,False,False
PATH000001929,True,False,False
PATH000001942,True,False,False
PATH000001180,True,False,False
PATH000001170,True,False,False
PATH000001184,True,False,False
PATH000001940,True,False,False
PATH000001944,True,False,False
PATH000012206,True,False,False
PATH000012399,True,False,False
PATH000012073,True,False,False
PATH000012080,True,False,False
PATH000012099,True,False,False
PATH000012035,True,False,False
PATH000012056,True,False,False
PATH000005285,True,False,False
PATH000005304,True,False,False
PATH000006850,True,False,False
PATH000007016,True,False,False
PATH000005342,True,False,False
PATH000005508,True,False,False
PATH000012466,True,False,False
PATH000012504,True,False,False
PATH000012552,True,False,False
PATH000001841,True,False,False
PATH000001916,True,False,False
PATH000001451,True,False,False
PATH000001464,True,False,False
PATH000001877,True,False,False
PATH000001902,True,False,False
PATH000001853,True,False,False
PATH000001886,True,False,False
PATH000001885,True,False,False
PATH000001909,True,False,False
PATH000011960,True,False,False
PATH000012261,True,False,False
PATH000012024,True,False,False
PATH000012109,True,False,False
PATH000012559,True,False,False
PATH000006829,True,False,False
PATH000006962,True,False,False
PATH000001996,True,False,False
PATH000002008,True,False,False
PATH000001972,True,False,False
PATH000001974,True,False,False
PATH000001259,True,False,False
PATH000001293,True,False,False
PATH000005126,True,False,False
PATH000005656,True,False,False
PATH000012445,True,False,False
PATH000000582,True,False,False
PATH000000596,True,False,False
PATH000011913,True,False,False
PATH000000999,True,False,False
PATH000001011,True,False,False
PATH000000991,True,False,False
PATH000001016,True,False,False
PATH000001412,True,False,False
PATH000006965,True,False,False
PATH000007003,True,False,False
PATH000012290,True,False,False
PATH000012414,True,False,False
PATH000012066,True,False,False
PATH000012403,True,False,False
PATH000001436,True,False,False
PATH000001438,True,False,False
PATH000006984,True,False,False
PATH000006993,True,False,False
PATH000011918,True,False,False
PATH000012396,True,False,False
PATH000012139,True,False,False
PATH000012241,True,False,False
PATH000000995,True,False,False
PATH000001012,True,False,False
PATH000001003,True,False,False
PATH000001015,True,False,False
PATH000000579,True,False,False
PATH000000595,True,False,False
PATH000001242,True,False,False
PATH000001277,True,False,False
PATH000001245,True,False,False
PATH000001251,True,False,False
PATH000011898,True,False,False
PATH000011988,True,False,False
PATH000011941,True,False,False
PATH000011942,True,False,False
PATH000012124,True,False,False
PATH000011970,True,False,False
PATH000012078,True,False,False
PATH000001001,True,False,False
PATH000001002,True,False,False
PATH000000996,True,False,False
PATH000001017,True,False,False
PATH000012456,True,False,False
PATH000012575,True,False,False
PATH000012508,True,False,False
PATH000012535,True,False,False
PATH000012515,True,False,False
PATH000012546,True,False,False
PATH000000580,True,False,False
PATH000000600,True,False,False
PATH000000993,True,False,False
PATH000001009,True,False,False
PATH000001970,True,False,False
PATH000001977,True,False,False
PATH000001990,True,False,False
PATH000001997,True,False,False
PATH000002001,True,False,False
PATH000001105,True,False,False
PATH000001119,True,False,False
PATH000000584,True,False,False
PATH000000583,True,False,False
PATH000000590,True,False,False
PATH000001363,True,False,False
PATH000001374,True,False,False
PATH000001371,True,False,False
PATH000001388,True,False,False
PATH000001361,True,False,False
PATH000001387,True,False,False
PATH000012019,True,False,False
PATH000012050,True,False,False
PATH000001194,True,False,False
PATH000001197,True,False,False
PATH000001176,True,False,False
PATH000001179,True,False,False
PATH000001173,True,False,False
PATH000001177,True,False,False
PATH000012029,True,False,False
PATH000012032,True,False,False
PATH000013617,True,False,False
PATH000001522,True,False,False
PATH000001530,True,False,False
PATH000001503,True,False,False
PATH000001520,True,False,False
PATH000005011,True,False,False
PATH000005105,True,False,False
PATH000005694,True,False,False
PATH000005890,True,False,False
PATH000005272,True,False,False
PATH000005905,True,False,False
PATH000001933,True,False,False
PATH000001937,True,False,False
PATH000002012,True,False,False
PATH000011903,True,False,False
PATH000012039,True,False,False
PATH000011901,True,False,False
PATH000012266,True,False,False
PATH000005051,True,False,False
PATH000005255,True,False,False
PATH000001513,True,False,False
PATH000001521,True,False,False
PATH000001837,True,False,False
PATH000001844,True,False,False
PATH000005482,True,False,False
PATH000005504,True,False,False
PATH000005661,True,False,False
PATH000005761,True,False,False
PATH000005359,True,False,False
PATH000005856,True,False,False
PATH000011557,True,False,False
PATH000011580,True,False,False
PATH000011893,True,False,False
PATH000011961,True,False,False
PATH000012453,True,False,False
PATH000012517,True,False,False
PATH000012480,True,False,False
PATH000012516,True,False,False
PATH000012462,True,False,False
PATH000012495,True,False,False
PATH000001409,True,False,False
PATH000001418,True,False,False
PATH000001450,True,False,False
PATH000001459,True,False,False
PATH000011552,True,False,False
PATH000011561,True,False,False
PATH000011588,True,False,False
PATH000011636,True,False,False
PATH000012076,True,False,False
PATH000001842,True,False,False
PATH000001868,True,False,False
PATH000001843,True,False,False
PATH000001862,True,False,False
PATH000006862,True,False,False
PATH000006976,True,False,False
PATH000005058,True,False,False
PATH000005520,True,False,False
PATH000007050,True,False,False
PATH000007156,True,False,False
PATH000011923,True,False,False
PATH000011999,True,False,False
PATH000012063,True,False,False
PATH000013533,True,False,False
PATH000001866,True,False,False
PATH000001910,True,False,False
PATH000001828,True,False,False
PATH000001897,True,False,False
PATH000001864,True,False,False
PATH000001915,True,False,False
PATH000001876,True,False,False
PATH000001919,True,False,False
PATH000001824,True,False,False
PATH000001887,True,False,False
PATH000006985,True,False,False
PATH000006999,True,False,False
PATH000006833,True,False,False
PATH000006902,True,False,False
PATH000011533,True,False,False
PATH000012100,True,False,False
PATH000012284,True,False,False
PATH000012452,True,False,False
PATH000012503,True,False,False
PATH000012529,True,False,False
PATH000012576,True,False,False
PATH000005798,True,False,False
PATH000006891,True,False,False
PATH000006896,True,False,False
PATH000006863,True,False,False
PATH000007011,True,False,False
PATH000006881,True,False,False
PATH000006942,True,False,False
PATH000006883,True,False,False
PATH000006955,True,False,False
PATH000011617,True,False,False
PATH000011621,True,False,False
PATH000011531,True,False,False
PATH000011886,True,False,False
PATH000012018,True,False,False
PATH000011523,True,False,False
PATH000012372,True,False,False
PATH000012406,True,False,False
PATH000011542,True,False,False
PATH000011601,True,False,False
PATH000001830,True,False,False
PATH000001921,True,False,False
PATH000005186,True,False,False
PATH000005899,True,False,False
PATH000005009,True,False,False
PATH000005215,True,False,False
PATH000011520,True,False,False
PATH000011640,True,False,False
PATH000012364,True,False,False
PATH000012379,True,False,False
PATH000001247,True,False,False
PATH000001271,True,False,False
PATH000001253,True,False,False
PATH000001268,True,False,False
PATH000001244,True,False,False
PATH000001286,True,False,False
PATH000011635,True,False,False
PATH000011631,True,False,False
PATH000012637,True,False,False
PATH000012715,True,False,False
PATH000012747,True,False,False
PATH000001994,True,False,False
PATH000001865,True,False,False
PATH000001908,True,False,False
PATH000012094,True,False,False
PATH000002013,True,False,False
PATH000005269,True,False,False
PATH000001276,True,False,False
PATH000001289,True,False,False
PATH000005063,True,False,False
PATH000005814,True,False,False
PATH000006821,True,False,False
PATH000006952,True,False,False
PATH000011577,True,False,False
PATH000011657,True,False,False
PATH000011629,True,False,False
PATH000011637,True,False,False
PATH000011516,True,False,False
PATH000011579,True,False,False
PATH000011569,True,False,False
PATH000011612,True,False,False
PATH000013555,True,False,False
PATH000013585,True,False,False
PATH000005112,True,False,False
PATH000005399,True,False,False
PATH000001243,True,False,False
PATH000001302,True,False,False
PATH000012716,True,False,False
PATH000012750,True,False,False
PATH000001880,True,False,False
PATH000001914,True,False,False
PATH000001834,True,False,False
PATH000001848,True,False,False
PATH000001924,True,False,False
PATH000001926,True,False,False
PATH000011887,True,False,False
PATH000011975,True,False,False
PATH000001517,True,False,False
PATH000001518,True,False,False
PATH000001372,True,False,False
PATH000001380,True,False,False
PATH000006867,True,False,False
PATH000006933,True,False,False
PATH000006919,True,False,False
PATH000001398,True,False,False
PATH000001439,True,False,False
PATH000012122,True,False,False
PATH000012222,True,False,False
PATH000012280,True,False,False
PATH000012371,True,False,False
PATH000001365,True,False,False
PATH000001377,True,False,False
PATH000012022,True,False,False
PATH000012232,True,False,False
PATH000011904,True,False,False
PATH000011996,True,False,False
PATH000001407,True,False,False
PATH000001429,True,False,False
PATH000001869,True,False,False
PATH000001904,True,False,False
PATH000012009,True,False,False
PATH000012349,True,False,False
PATH000001849,True,False,False
PATH000001907,True,False,False
PATH000012200,True,False,False
PATH000012322,True,False,False
PATH000012305,True,False,False
PATH000012407,True,False,False
PATH000001875,True,False,False
PATH000001879,True,False,False
PATH000001827,True,False,False
PATH000001872,True,False,False
PATH000001858,True,False,False
PATH000001859,True,False,False
PATH000001899,True,False,False
PATH000001903,True,False,False
PATH000001367,True,False,False
PATH000001383,True,False,False
PATH000011934,True,False,False
PATH000001124,True,False,False
PATH000001143,True,False,False
PATH000005526,True,False,False
PATH000005647,True,False,False
PATH000006926,True,False,False
PATH000006951,True,False,False
PATH000011888,True,False,False
PATH000012295,True,False,False
PATH000000948,True,False,False
PATH000000959,True,False,False
PATH000000942,True,False,False
PATH000000974,True,False,False
PATH000000961,True,False,False
PATH000000972,True,False,False
PATH000001931,True,False,False
PATH000000918,True,False,False
PATH000000957,True,False,False
PATH000000922,True,False,False
PATH000000971,True,False,False
PATH000000943,True,False,False
PATH000000944,True,False,False
PATH000000921,True,False,False
PATH000000976,True,False,False
PATH000000954,True,False,False
PATH000000958,True,False,False
PATH000001240,True,False,False
PATH000001252,True,False,False
PATH000001246,True,False,False
PATH000001299,True,False,False
PATH000001107,True,False,False
PATH000001132,True,False,False
PATH000011620,True,False,False
PATH000006819,True,False,False
PATH000006991,True,False,False
PATH000006912,True,False,False
PATH000006990,True,False,False
PATH000011558,True,False,False
PATH000011619,True,False,False
PATH000011944,True,False,False
PATH000011976,True,False,False
PATH000001128,True,False,False
PATH000001133,True,False,False
PATH000001103,True,False,False
PATH000001167,True,False,False
PATH000006871,True,False,False
PATH000006987,True,False,False
PATH000012636,True,False,False
PATH000012713,True,False,False
PATH000012634,True,False,False
PATH000012712,True,False,False
PATH000012608,True,False,False
PATH000012631,True,False,False
PATH000012581,True,False,False
PATH000012679,True,False,False
PATH000012625,True,False,False
PATH000012723,True,False,False
PATH000012635,True,False,False
PATH000012736,True,False,False
PATH000012730,True,False,False
PATH000011518,True,False,False
PATH000011527,True,False,False
PATH000011618,True,False,False
PATH000011991,True,False,False
PATH000001183,True,False,False
PATH000001198,True,False,False
PATH000011925,True,False,False
PATH000012304,True,False,False
PATH000012231,True,False,False
PATH000012368,True,False,False
PATH000001054,True,False,False
PATH000001086,True,False,False
PATH000001049,True,False,False
PATH000001070,True,False,False
PATH000001023,True,False,False
PATH000001027,True,False,False
PATH000001033,True,False,False
PATH000001051,True,False,False
PATH000001274,True,False,False
PATH000001285,True,False,False
PATH000001261,True,False,False
PATH000001264,True,False,False
PATH000001018,True,False,False
PATH000001038,True,False,False
PATH000001182,True,False,False
PATH000001189,True,False,False
PATH000001025,True,False,False
PATH000001052,True,False,False
PATH000005223,True,False,False
PATH000005743,True,False,False
PATH000005297,True,False,False
PATH000005481,True,False,False
PATH000005224,True,False,False
PATH000005532,True,False,False
PATH000005220,True,False,False
PATH000005344,True,False,False
PATH000005682,True,False,False
PATH000005692,True,False,False
PATH000006830,True,False,False
PATH000006947,True,False,False
PATH000006932,True,False,False
PATH000006980,True,False,False
PATH000006840,True,False,False
PATH000006851,True,False,False
PATH000011567,True,False,False
PATH000011643,True,False,False
PATH000006843,True,False,False
PATH000006940,True,False,False
PATH000001845,True,False,False
PATH000001860,True,False,False
PATH000001867,True,False,False
PATH000001894,True,False,False
PATH000005191,True,False,False
PATH000012311,True,False,False
PATH000012010,True,False,False
PATH000012308,True,False,False
PATH000000592,True,False,False
PATH000000588,True,False,False
PATH000001172,True,False,False
PATH000011947,True,False,False
PATH000012089,True,False,False
PATH000012726,True,False,False
PATH000012743,True,False,False
PATH000012616,True,False,False
PATH000012755,True,False,False
PATH000012613,True,False,False
PATH000012703,True,False,False
PATH000001195,True,False,False
PATH000001196,True,False,False
PATH000001188,True,False,False
PATH000005577,True,False,False
PATH000005660,True,False,False
PATH000011957,True,False,False
PATH000012260,True,False,False
PATH000012615,True,False,False
PATH000012683,True,False,False
PATH000001175,True,False,False
PATH000001190,True,False,False
PATH000001193,True,False,False
PATH000001504,True,False,False
PATH000001524,True,False,False
PATH000005163,True,False,False
PATH000005207,True,False,False
PATH000005771,True,False,False
PATH000012626,True,False,False
PATH000012727,True,False,False
PATH000012638,True,False,False
PATH000012744,True,False,False
PATH000005129,True,False,False
PATH000005449,True,False,False
PATH000005189,True,False,False
PATH000005338,True,False,False
PATH000005313,True,False,False
PATH000005604,True,False,False
PATH000000587,True,False,False
PATH000000589,True,False,False
PATH000005030,True,False,False
PATH000005208,True,False,False
PATH000006866,True,False,False
PATH000007018,True,False,False
PATH000006918,True,False,False
PATH000006949,True,False,False
PATH000011641,True,False,False
PATH000011652,True,False,False
PATH000011499,True,False,False
PATH000011608,True,False,False
PATH000011632,True,False,False
PATH000011649,True,False,False
PATH000011980,True,False,False
PATH000012030,True,False,False
PATH000012133,True,False,False
PATH000011981,True,False,False
PATH000012428,True,False,False
PATH000012069,True,False,False
PATH000012310,True,False,False
PATH000012449,True,False,False
PATH000012467,True,False,False
PATH000011987,True,False,False
PATH000012038,True,False,False
PATH000000952,True,False,False
PATH000000975,True,False,False
PATH000001943,True,False,False
PATH000001956,True,False,False
PATH000000581,True,False,False
PATH000000916,True,False,False
PATH000000970,True,False,False
PATH000000924,True,False,False
PATH000000947,True,False,False
PATH000000960,True,False,False
PATH000000982,True,False,False
PATH000001324,True,False,False
PATH000001351,True,False,False
PATH000006817,True,False,False
PATH000006917,True,False,False
PATH000006865,True,False,False
PATH000006923,True,False,False
PATH000001498,True,False,False
PATH000001508,True,False,False
PATH000001981,True,False,False
PATH000001987,True,False,False
PATH000012510,True,False,False
PATH000012563,True,False,False
PATH000000926,True,False,False
PATH000000978,True,False,False
PATH000012093,True,False,False
PATH000012131,True,False,False
PATH000001507,True,False,False
PATH000001531,True,False,False
PATH000000932,True,False,False
PATH000000945,True,False,False
PATH000000966,True,False,False
PATH000005462,True,False,False
PATH000005645,True,False,False
PATH000007188,True,False,False
PATH000007257,True,False,False
PATH000011610,True,False,False
PATH000011592,True,False,False
PATH000011562,True,False,False
PATH000011593,True,False,False
PATH000012021,True,False,False
PATH000012201,True,False,False
PATH000012458,True,False,False
PATH000012526,True,False,False
PATH000000577,True,False,False
PATH000001108,True,False,False
PATH000001163,True,False,False
PATH000006904,True,False,False
PATH000006941,True,False,False
PATH000012513,True,False,False
PATH000012554,True,False,False
PATH000013530,True,False,False
PATH000013756,True,False,False
PATH000012488,True,False,False
PATH000012536,True,False,False
PATH000001112,True,False,False
PATH000001131,True,False,False
PATH000000938,True,False,False
PATH000001005,True,False,False
PATH000001980,True,False,False
PATH000001992,True,False,False
PATH000000983,True,False,False
PATH000000989,True,False,False
PATH000000992,True,False,False
PATH000000984,True,False,False
PATH000000997,True,False,False
PATH000000967,True,False,False
PATH000000994,True,False,False
PATH000001000,True,False,False
PATH000001004,True,False,False
PATH000000988,True,False,False
PATH000001006,True,False,False
PATH000001157,True,False,False
PATH000001169,True,False,False
PATH000001117,True,False,False
PATH000001142,True,False,False
PATH000001984,True,False,False
PATH000002009,True,False,False
PATH000001102,True,False,False
PATH000001116,True,False,False
PATH000000927,True,False,False
PATH000001145,True,False,False
PATH000005275,True,False,False
PATH000005412,True,False,False
PATH000005003,True,False,False
PATH000005786,True,False,False
PATH000006849,True,False,False
PATH000006903,True,False,False
PATH000001941,True,False,False
PATH000000933,True,False,False
PATH000000934,True,False,False
PATH000000928,True,False,False
PATH000000969,True,False,False
PATH000001106,True,False,False
PATH000001140,True,False,False
PATH000001250,True,False,False
PATH000001287,True,False,False
PATH000000602,True,False,False
PATH000005022,True,False,False
PATH000005493,True,False,False
PATH000005296,True,False,False
PATH000005779,True,False,False
PATH000006853,True,False,False
PATH000006915,True,False,False
PATH000007098,True,False,False
PATH000007151,True,False,False
PATH000006925,True,False,False
PATH000006988,True,False,False
PATH000007134,True,False,False
PATH000007191,True,False,False
PATH000006845,True,False,False
PATH000006913,True,False,False
PATH000011553,True,False,False
PATH000011647,True,False,False
PATH000011522,True,False,False
PATH000011554,True,False,False
PATH000011512,True,False,False
PATH000011625,True,False,False
PATH000012252,True,False,False
PATH000012319,True,False,False
PATH000001118,True,False,False
PATH000001158,True,False,False
PATH000001114,True,False,False
PATH000001159,True,False,False
PATH000001120,True,False,False
PATH000001136,True,False,False
PATH000005545,True,False,False
PATH000005825,True,False,False
PATH000005591,True,False,False
PATH000005605,True,False,False
PATH000005622,True,False,False
PATH000005690,True,False,False
PATH000012370,True,False,False
PATH000001138,True,False,False
PATH000001147,True,False,False
PATH000001104,True,False,False
PATH000001115,True,False,False
PATH000001130,True,False,False
PATH000001156,True,False,False
PATH000001123,True,False,False
PATH000001146,True,False,False
PATH000001986,True,False,False
PATH000002004,True,False,False
PATH000006944,True,False,False
PATH000007002,True,False,False
PATH000007211,True,False,False
PATH000007235,True,False,False
PATH000007103,True,False,False
PATH000007157,True,False,False
PATH000012548,True,False,False
PATH000012561,True,False,False
PATH000005430,True,False,False
PATH000005500,True,False,False
PATH000012484,True,False,False
PATH000012493,True,False,False
PATH000001927,True,False,False
PATH000001961,True,False,False
PATH000006838,True,False,False
PATH000006982,True,False,False
PATH000001951,True,False,False
PATH000001965,True,False,False
PATH000001257,True,False,False
PATH000001288,True,False,False
PATH000001305,True,False,False
PATH000001342,True,False,False
PATH000006844,True,False,False
PATH000006978,True,False,False
PATH000012441,True,False,False
PATH000012485,True,False,False
PATH000012492,True,False,False
PATH000012580,True,False,False
PATH000012442,True,False,False
PATH000012465,True,False,False
PATH000012461,True,False,False
PATH000012545,True,False,False
PATH000012434,True,False,False
PATH000012482,True,False,False
PATH000003969,True,False,False
PATH000003992,True,False,False
PATH000004082,True,False,False
PATH000004197,True,False,False
PATH000004254,True,False,False
PATH000004606,True,False,False
PATH000004743,True,False,False
PATH000003676,True,False,False
PATH000003716,True,False,False
PATH000003794,True,False,False
PATH000004034,True,False,False
PATH000004035,True,False,False
PATH000003635,True,False,False
PATH000003651,True,False,False
PATH000003774,True,False,False
PATH000004125,True,False,False
PATH000003977,True,False,False
PATH000003942,True,False,False
PATH000003978,True,False,False
PATH000004270,True,False,False
PATH000004955,True,False,False
PATH000005050,True,False,False
PATH000005135,True,False,False
PATH000005233,True,False,False
PATH000005515,True,False,False
PATH000005722,True,False,False
PATH000005807,True,False,False
PATH000007152,True,False,False
PATH000007278,True,False,False
PATH000007057,True,False,False
PATH000007247,True,False,False
PATH000007371,True,False,False
PATH000007612,True,False,False
PATH000007705,True,False,False
PATH000008393,True,False,False
PATH000007559,True,False,False
PATH000007978,True,False,False
PATH000009761,True,False,False
PATH000008629,True,False,False
PATH000008811,True,False,False
PATH000009818,True,False,False
PATH000008294,True,False,False
PATH000008429,True,False,False
PATH000003622,True,False,False
PATH000003633,True,False,False
PATH000003754,True,False,False
PATH000003780,True,False,False
PATH000003845,True,False,False
PATH000003958,True,False,False
PATH000004140,True,False,False
PATH000003745,True,False,False
PATH000003775,True,False,False
PATH000003795,True,False,False
PATH000003807,True,False,False
PATH000004026,True,False,False
PATH000004057,True,False,False
PATH000004128,True,False,False
PATH000004184,True,False,False
PATH000003912,True,False,False
PATH000004002,True,False,False
PATH000004078,True,False,False
PATH000003673,True,False,False
PATH000003773,True,False,False
PATH000004164,True,False,False
PATH000004475,True,False,False
PATH000004826,True,False,False
PATH000007201,True,False,False
PATH000007224,True,False,False
PATH000004296,True,False,False
PATH000004478,True,False,False
PATH000004479,True,False,False
PATH000004598,True,False,False
PATH000004695,True,False,False
PATH000004762,True,False,False
PATH000005559,True,False,False
PATH000005812,True,False,False
PATH000005217,True,False,False
PATH000005423,True,False,False
PATH000007106,True,False,False
PATH000011719,True,False,False
PATH000007086,True,False,False
PATH000007495,True,False,False
PATH000007319,True,False,False
PATH000007487,True,False,False
PATH000007388,True,False,False
PATH000007433,True,False,False
PATH000007646,True,False,False
PATH000008372,True,False,False
PATH000007678,True,False,False
PATH000008266,True,False,False
PATH000008335,True,False,False
PATH000011735,True,False,False
PATH000011835,True,False,False
PATH000011661,True,False,False
PATH000011710,True,False,False
PATH000011730,True,False,False
PATH000003704,True,False,False
PATH000003710,True,False,False
PATH000003913,True,False,False
PATH000003925,True,False,False
PATH000003950,True,False,False
PATH000003989,True,False,False
PATH000004089,True,False,False
PATH000004154,True,False,False
PATH000004003,True,False,False
PATH000004043,True,False,False
PATH000004092,True,False,False
PATH000004064,True,False,False
PATH000004071,True,False,False
PATH000004107,True,False,False
PATH000004750,True,False,False
PATH000004831,True,False,False
PATH000004910,True,False,False
PATH000007490,True,False,False
PATH000007521,True,False,False
PATH000007553,True,False,False
PATH000007671,True,False,False
PATH000008076,True,False,False
PATH000008184,True,False,False
PATH000008240,True,False,False
PATH000008307,True,False,False
PATH000011663,True,False,False
PATH000008054,True,False,False
PATH000011865,True,False,False
PATH000011703,True,False,False
PATH000011807,True,False,False
PATH000011808,True,False,False
PATH000011882,True,False,False
PATH000011693,True,False,False
PATH000011744,True,False,False
PATH000011721,True,False,False
PATH000011878,True,False,False
PATH000011764,True,False,False
PATH000011805,True,False,False
PATH000011712,True,False,False
PATH000011857,True,False,False
PATH000011704,True,False,False
PATH000011667,True,False,False
PATH000011825,True,False,False
PATH000011837,True,False,False
PATH000003717,True,False,False
PATH000003819,True,False,False
PATH000003934,True,False,False
PATH000003971,True,False,False
PATH000004042,True,False,False
PATH000004144,True,False,False
PATH000003654,True,False,False
PATH000003686,True,False,False
PATH000003701,True,False,False
PATH000003712,True,False,False
PATH000003787,True,False,False
PATH000004176,True,False,False
PATH000004491,True,False,False
PATH000004610,True,False,False
PATH000004659,True,False,False
PATH000005536,True,False,False
PATH000005728,True,False,False
PATH000004639,True,False,False
PATH000005877,True,False,False
PATH000005896,True,False,False
PATH000005903,True,False,False
PATH000004989,True,False,False
PATH000005465,True,False,False
PATH000005565,True,False,False
PATH000005668,True,False,False
PATH000007572,True,False,False
PATH000007687,True,False,False
PATH000005870,True,False,False
PATH000007475,True,False,False
PATH000007491,True,False,False
PATH000007438,True,False,False
PATH000007492,True,False,False
PATH000007546,True,False,False
PATH000008075,True,False,False
PATH000008440,True,False,False
PATH000007645,True,False,False
PATH000007775,True,False,False
PATH000007788,True,False,False
PATH000007970,True,False,False
PATH000008092,True,False,False
PATH000008112,True,False,False
PATH000008110,True,False,False
PATH000005730,True,False,False
PATH000004257,True,False,False
PATH000004921,True,False,False
PATH000005038,True,False,False
PATH000007327,True,False,False
PATH000007427,True,False,False
PATH000007484,True,False,False
PATH000007638,True,False,False
PATH000007911,True,False,False
PATH000007304,True,False,False
PATH000007310,True,False,False
PATH000007733,True,False,False
PATH000007946,True,False,False
PATH000008068,True,False,False
PATH000007606,True,False,False
PATH000007718,True,False,False
PATH000007826,True,False,False
PATH000007956,True,False,False
PATH000008836,True,False,False
PATH000009537,True,False,False
PATH000009982,True,False,False
PATH000007819,True,False,False
PATH000007844,True,False,False
PATH000008245,True,False,False
PATH000005290,True,False,False
PATH000005985,True,False,False
PATH000006025,True,False,False
PATH000006085,True,False,False
PATH000007126,True,False,False
PATH000004130,True,False,False
PATH000004202,True,False,False
PATH000007551,True,False,False
PATH000007390,True,False,False
PATH000007547,True,False,False
PATH000004396,True,False,False
PATH000004524,True,False,False
PATH000004829,True,False,False
PATH000004979,True,False,False
PATH000004446,True,False,False
PATH000004453,True,False,False
PATH000004707,True,False,False
PATH000007096,True,False,False
PATH000004444,True,False,False
PATH000004726,True,False,False
PATH000005683,True,False,False
PATH000007267,True,False,False
PATH000007289,True,False,False
PATH000007644,True,False,False
PATH000007681,True,False,False
PATH000007829,True,False,False
PATH000007854,True,False,False
PATH000009478,True,False,False
PATH000008693,True,False,False
PATH000009511,True,False,False
PATH000009704,True,False,False
PATH000009426,True,False,False
PATH000008645,True,False,False
PATH000009925,True,False,False
PATH000009620,True,False,False
PATH000009455,True,False,False
PATH000009694,True,False,False
PATH000009962,True,False,False
PATH000003901,True,False,False
PATH000003949,True,False,False
PATH000003959,True,False,False
PATH000004098,True,False,False
PATH000004505,True,False,False
PATH000004854,True,False,False
PATH000004649,True,False,False
PATH000004701,True,False,False
PATH000004684,True,False,False
PATH000004496,True,False,False
PATH000004978,True,False,False
PATH000004648,True,False,False
PATH000004353,True,False,False
PATH000004425,True,False,False
PATH000004946,True,False,False
PATH000005419,True,False,False
PATH000005813,True,False,False
PATH000007187,True,False,False
PATH000004565,True,False,False
PATH000004834,True,False,False
PATH000004393,True,False,False
PATH000004622,True,False,False
PATH000004783,True,False,False
PATH000004931,True,False,False
PATH000004724,True,False,False
PATH000004312,True,False,False
PATH000004625,True,False,False
PATH000004590,True,False,False
PATH000004592,True,False,False
PATH000005674,True,False,False
PATH000005127,True,False,False
PATH000007526,True,False,False
PATH000007532,True,False,False
PATH000007321,True,False,False
PATH000007414,True,False,False
PATH000007462,True,False,False
PATH000007886,True,False,False
PATH000008107,True,False,False
PATH000008814,True,False,False
PATH000008834,True,False,False
PATH000009938,True,False,False
PATH000008198,True,False,False
PATH000008496,True,False,False
PATH000008842,True,False,False
PATH000009809,True,False,False
PATH000009578,True,False,False
PATH000004881,True,False,False
PATH000004250,True,False,False
PATH000004744,True,False,False
PATH000004859,True,False,False
PATH000004423,True,False,False
PATH000004618,True,False,False
PATH000004266,True,False,False
PATH000004304,True,False,False
PATH000004703,True,False,False
PATH000004970,True,False,False
PATH000005394,True,False,False
PATH000005535,True,False,False
PATH000005168,True,False,False
PATH000005487,True,False,False
PATH000005120,True,False,False
PATH000005601,True,False,False
PATH000005693,True,False,False
PATH000007090,True,False,False
PATH000007276,True,False,False
PATH000007919,True,False,False
PATH000007367,True,False,False
PATH000007584,True,False,False
PATH000008000,True,False,False
PATH000009651,True,False,False
PATH000000022,True,False,False
PATH000000025,True,False,False
PATH000000021,True,False,False
PATH000000024,True,False,False
PATH000000011,True,False,False
PATH000000013,True,False,False
PATH000000018,True,False,False
PATH000000029,True,False,False
PATH000000034,True,False,False
PATH000000035,True,False,False
PATH000000059,True,False,False
PATH000000055,True,False,False
PATH000000056,True,False,False
PATH000000050,True,False,False
PATH000000065,True,False,False
PATH000000076,True,False,False
PATH000000070,True,False,False
PATH000000037,True,False,False
PATH000000051,True,False,False
PATH000000063,True,False,False
PATH000000069,True,False,False
PATH000000074,True,False,False
PATH000000041,True,False,False
PATH000000057,True,False,False
PATH000000040,True,False,False
PATH000000072,True,False,False
PATH000000048,True,False,False
PATH000000066,True,False,False
PATH000000054,True,False,False
PATH000000075,True,False,False
PATH000000068,True,False,False
PATH000000064,True,False,False
PATH000000044,True,False,False
PATH000000058,True,False,False
PATH000000071,True,False,False
PATH000000093,True,False,False
PATH000000079,True,False,False
PATH000000087,True,False,False
PATH000000099,True,False,False
PATH000000111,True,False,False
PATH000000122,True,False,False
PATH000000110,True,False,False
PATH000000097,True,False,False
PATH000000109,True,False,False
PATH000000085,True,False,False
PATH000000104,True,False,False
PATH000000126,True,False,False
PATH000000121,True,False,False
PATH000000077,True,False,False
PATH000000091,True,False,False
PATH000000101,True,False,False
PATH000000098,True,False,False
PATH000000113,True,False,False
PATH000000124,True,False,False
PATH000000117,True,False,False
PATH000000106,True,False,False
PATH000000005,True,False,False
PATH000000007,True,False,False
PATH000000003,True,False,False
PATH000000001,True,False,False
PATH000000006,True,False,False
PATH000000008,True,False,False
PATH000000004,True,False,False
PATH000000120,True,False,False
PATH000000082,True,False,False
PATH000000088,True,False,False
PATH000000094,True,False,False
PATH000000083,True,False,False
PATH000000125,True,False,False
PATH000000089,True,False,False
PATH000000084,True,False,False
PATH000000096,True,False,False
PATH000000103,True,False,False
PATH000000095,True,False,False
PATH000000102,True,False,False
PATH000000107,True,False,False
PATH000000143,True,False,False
PATH000000159,True,False,False
PATH000000140,True,False,False
PATH000000183,True,False,False
PATH000000137,True,False,False
PATH000000157,True,False,False
PATH000000142,True,False,False
PATH000000141,True,False,False
PATH000000130,True,False,False
PATH000000152,True,False,False
PATH000000149,True,False,False
PATH000000162,True,False,False
PATH000000127,True,False,False
PATH000000148,True,False,False
PATH000000129,True,False,False
PATH000000180,True,False,False
PATH000000139,True,False,False
PATH000000145,True,False,False
PATH000000163,True,False,False
PATH000000166,True,False,False
PATH000000136,True,False,False
PATH000000172,True,False,False
PATH000000135,True,False,False
PATH000000170,True,False,False
PATH000000132,True,False,False
PATH000000134,True,False,False
PATH000000151,True,False,False
PATH000000168,True,False,False
PATH000000178,True,False,False
PATH000000147,True,False,False
PATH000000182,True,False,False
PATH000000181,True,False,False
PATH000000133,True,False,False
PATH000000161,True,False,False
PATH000000175,True,False,False
PATH000000878,True,False,False
PATH000000888,True,False,False
PATH000000894,True,False,False
PATH000000896,True,False,False
PATH000000887,True,False,False
PATH000000900,True,False,False
PATH000000908,True,False,False
PATH000000907,True,False,False
PATH000000886,True,False,False
PATH000000915,True,False,False
PATH000000884,True,False,False
PATH000000911,True,False,False
PATH000000904,True,False,False
PATH000000905,True,False,False
PATH000003268,True,False,False
PATH000003387,True,False,False
PATH000003436,True,False,False
PATH000003471,True,False,False
PATH000003460,True,False,False
PATH000003534,True,False,False
PATH000003304,True,False,False
PATH000003390,True,False,False
PATH000003296,True,False,False
PATH000000909,True,False,False
PATH000000913,True,False,False
PATH000000464,True,False,False
PATH000000496,True,False,False
PATH000000434,True,False,False
PATH000000437,True,False,False
PATH000000441,True,False,False
PATH000000467,True,False,False
PATH000003314,True,False,False
PATH000000435,True,False,False
PATH000000468,True,False,False
PATH000000474,True,False,False
PATH000000479,True,False,False
PATH000003259,True,False,False
PATH000003292,True,False,False
PATH000003357,True,False,False
PATH000003531,True,False,False
PATH000000777,True,False,False
PATH000000840,True,False,False
PATH000000865,True,False,False
PATH000000453,True,False,False
PATH000000497,True,False,False
PATH000000442,True,False,False
PATH000000517,True,False,False
PATH000000240,True,False,False
PATH000000229,True,False,False
PATH000000231,True,False,False
PATH000003353,True,False,False
PATH000003561,True,False,False
PATH000000787,True,False,False
PATH000000500,True,False,False
PATH000000477,True,False,False
PATH000003337,True,False,False
PATH000000485,True,False,False
PATH000000519,True,False,False
PATH000000524,True,False,False
PATH000000526,True,False,False
PATH000000439,True,False,False
PATH000000495,True,False,False
PATH000001783,True,False,False
PATH000001821,True,False,False
PATH000000874,True,False,False
PATH000000199,True,False,False
PATH000000877,True,False,False
PATH000000883,True,False,False
PATH000000889,True,False,False
PATH000000897,True,False,False
PATH000000901,True,False,False
PATH000000903,True,False,False
PATH000000810,True,False,False
PATH000000816,True,False,False
PATH000000465,True,False,False
PATH000000515,True,False,False
PATH000003272,True,False,False
PATH000003289,True,False,False
PATH000003400,True,False,False
PATH000003461,True,False,False
PATH000003612,True,False,False
PATH000001781,True,False,False
PATH000000796,True,False,False
PATH000000830,True,False,False
PATH000000824,True,False,False
PATH000000852,True,False,False
PATH000000843,True,False,False
PATH000000861,True,False,False
PATH000000833,True,False,False
PATH000000844,True,False,False
PATH000000857,True,False,False
PATH000000822,True,False,False
PATH000000842,True,False,False
PATH000000786,True,False,False
PATH000000869,True,False,False
PATH000000788,True,False,False
PATH000000791,True,False,False
PATH000000790,True,False,False
PATH000000825,True,False,False
PATH000000858,True,False,False
PATH000000862,True,False,False
PATH000000812,True,False,False
PATH000000870,True,False,False
PATH000000795,True,False,False
PATH000000195,True,False,False
PATH000000211,True,False,False
PATH000000198,True,False,False
PATH000000226,True,False,False
PATH000000481,True,False,False
PATH000000527,True,False,False
PATH000000803,True,False,False
PATH000000851,True,False,False
PATH000003411,True,False,False
PATH000003478,True,False,False
PATH000003589,True,False,False
PATH000000257,True,False,False
PATH000000239,True,False,False
PATH000003252,True,False,False
PATH000003317,True,False,False
PATH000003349,True,False,False
PATH000003380,True,False,False
PATH000000502,True,False,False
PATH000000871,True,False,False
PATH000000460,True,False,False
PATH000000466,True,False,False
PATH000000235,True,False,False
PATH000000805,True,False,False
PATH000000489,True,False,False
PATH000000785,True,False,False
PATH000000800,True,False,False
PATH000000827,True,False,False
PATH000000197,True,False,False
PATH000000225,True,False,False
PATH000000210,True,False,False
PATH000000283,True,False,False
PATH000003254,True,False,False
PATH000003322,True,False,False
PATH000003520,True,False,False
PATH000003828,True,False,False
PATH000000254,True,False,False
PATH000000251,True,False,False
PATH000003290,True,False,False
PATH000003327,True,False,False
PATH000003568,True,False,False
PATH000000214,True,False,False
PATH000000246,True,False,False
PATH000003301,True,False,False
PATH000003334,True,False,False
PATH000003382,True,False,False
PATH000003407,True,False,False
PATH000003596,True,False,False
PATH000000879,True,False,False
PATH000000882,True,False,False
PATH000000473,True,False,False
PATH000000480,True,False,False
PATH000000493,True,False,False
PATH000000499,True,False,False
PATH000000504,True,False,False
PATH000000444,True,False,False
PATH000000487,True,False,False
PATH000000483,True,False,False
PATH000000454,True,False,False
PATH000000463,True,False,False
PATH000003285,True,False,False
PATH000003325,True,False,False
PATH000003477,True,False,False
PATH000003491,True,False,False
PATH000003591,True,False,False
PATH000000498,True,False,False
PATH000000432,True,False,False
PATH000000436,True,False,False
PATH000000778,True,False,False
PATH000000849,True,False,False
PATH000003396,True,False,False
PATH000003431,True,False,False
PATH000003479,True,False,False
PATH000000507,True,False,False
PATH000000520,True,False,False
PATH000000447,True,False,False
PATH000000456,True,False,False
PATH000000864,True,False,False
PATH000000866,True,False,False
PATH000000797,True,False,False
PATH000000838,True,False,False
PATH000000873,True,False,False
PATH000001322,True,False,False
PATH000001331,True,False,False
PATH000001325,True,False,False
PATH000001346,True,False,False
PATH000001403,True,False,False
PATH000001457,True,False,False
PATH000001399,True,False,False
PATH000001422,True,False,False
PATH000001309,True,False,False
PATH000001433,True,False,False
PATH000001462,True,False,False
PATH000001629,True,False,False
PATH000001652,True,False,False
PATH000001765,True,False,False
PATH000001779,True,False,False
PATH000001601,True,False,False
PATH000001633,True,False,False
PATH000001644,True,False,False
PATH000001622,True,False,False
PATH000001784,True,False,False
PATH000001811,True,False,False
PATH000001582,True,False,False
PATH000001634,True,False,False
PATH000001580,True,False,False
PATH000001585,True,False,False
PATH000001303,True,False,False
PATH000001348,True,False,False
PATH000003639,True,False,False
PATH000003728,True,False,False
PATH000001787,True,False,False
PATH000001323,True,False,False
PATH000001327,True,False,False
PATH000001593,True,False,False
PATH000000451,True,False,False
PATH000001658,True,False,False
PATH000001661,True,False,False
PATH000001315,True,False,False
PATH000001340,True,False,False
PATH000001334,True,False,False
PATH000001347,True,False,False
PATH000001370,True,False,False
PATH000001386,True,False,False
PATH000001394,True,False,False
PATH000001609,True,False,False
PATH000001632,True,False,False
PATH000001595,True,False,False
PATH000001586,True,False,False
PATH000001650,True,False,False
PATH000001651,True,False,False
PATH000001583,True,False,False
PATH000001659,True,False,False
PATH000001373,True,False,False
PATH000001379,True,False,False
PATH000001589,True,False,False
PATH000001627,True,False,False
PATH000001631,True,False,False
PATH000001645,True,False,False
PATH000001628,True,False,False
PATH000001649,True,False,False
PATH000001432,True,False,False
PATH000001460,True,False,False
PATH000001419,True,False,False
PATH000001467,True,False,False
PATH000001404,True,False,False
PATH000001461,True,False,False
PATH000000443,True,False,False
PATH000000470,True,False,False
PATH000001428,True,False,False
PATH000001449,True,False,False
PATH000001400,True,False,False
PATH000001406,True,False,False
PATH000000523,True,False,False
PATH000003530,True,False,False
PATH000000205,True,False,False
PATH000000248,True,False,False
PATH000003374,True,False,False
PATH000003434,True,False,False
PATH000003570,True,False,False
PATH000003578,True,False,False
PATH000003615,True,False,False
PATH000000516,True,False,False
PATH000000459,True,False,False
PATH000000511,True,False,False
PATH000000486,True,False,False
PATH000000506,True,False,False
PATH000003364,True,False,False
PATH000003569,True,False,False
PATH000003580,True,False,False
PATH000003459,True,False,False
PATH000003549,True,False,False
PATH000003582,True,False,False
PATH000000450,True,False,False
PATH000000521,True,False,False
PATH000000902,True,False,False
PATH000003341,True,False,False
PATH000003384,True,False,False
PATH000003428,True,False,False
PATH000003535,True,False,False
PATH000001785,True,False,False
PATH000001793,True,False,False
PATH000001820,True,False,False
PATH000001605,True,False,False
PATH000001657,True,False,False
PATH000001427,True,False,False
PATH000001440,True,False,False
PATH000001455,True,False,False
PATH000001458,True,False,False
PATH000000448,True,False,False
PATH000000509,True,False,False
PATH000000514,True,False,False
PATH000000482,True,False,False
PATH000003331,True,False,False
PATH000003335,True,False,False
PATH000003343,True,False,False
PATH000003369,True,False,False
PATH000003385,True,False,False
PATH000003445,True,False,False
PATH000003482,True,False,False
PATH000003594,True,False,False
PATH000003616,True,False,False
PATH000000245,True,False,False
PATH000000243,True,False,False
PATH000000264,True,False,False
PATH000003344,True,False,False
PATH000003497,True,False,False
PATH000000525,True,False,False
PATH000003277,True,False,False
PATH000003332,True,False,False
PATH000003419,True,False,False
PATH000003421,True,False,False
PATH000003448,True,False,False
PATH000003501,True,False,False
PATH000003543,True,False,False
PATH000003586,True,False,False
PATH000003603,True,False,False
PATH000001572,True,False,False
PATH000001596,True,False,False
PATH000001619,True,False,False
PATH000001757,True,False,False
PATH000001778,True,False,False
PATH000001797,True,False,False
PATH000001789,True,False,False
PATH000001806,True,False,False
PATH000003833,True,False,False
PATH000001444,True,False,False
PATH000001612,True,False,False
PATH000001625,True,False,False
PATH000001636,True,False,False
PATH000001647,True,False,False
PATH000001648,True,False,False
PATH000001431,True,False,False
PATH000001437,True,False,False
PATH000001575,True,False,False
PATH000001578,True,False,False
PATH000001818,True,False,False
PATH000000798,True,False,False
PATH000000837,True,False,False
PATH000000806,True,False,False
PATH000000867,True,False,False
PATH000000850,True,False,False
PATH000000836,True,False,False
PATH000000863,True,False,False
PATH000000799,True,False,False
PATH000000826,True,False,False
PATH000000820,True,False,False
PATH000000819,True,False,False
PATH000000847,True,False,False
PATH000000781,True,False,False
PATH000000783,True,False,False
PATH000000779,True,False,False
PATH000000801,True,False,False
PATH000000821,True,False,False
PATH000000776,True,False,False
PATH000000839,True,False,False
PATH000000875,True,False,False
PATH000000789,True,False,False
PATH000000845,True,False,False
PATH000000856,True,False,False
PATH000000848,True,False,False
PATH000001766,True,False,False
PATH000001792,True,False,False
PATH000001805,True,False,False
PATH000003257,True,False,False
PATH000003566,True,False,False
PATH000001581,True,False,False
PATH000001602,True,False,False
PATH000001763,True,False,False
PATH000001800,True,False,False
PATH000001405,True,False,False
PATH000001452,True,False,False
PATH000001626,True,False,False
PATH000001654,True,False,False
PATH000004111,True,False,False
PATH000004120,True,False,False
PATH000001777,True,False,False
PATH000001799,True,False,False
PATH000001791,True,False,False
PATH000001817,True,False,False
PATH000001775,True,False,False
PATH000001796,True,False,False
PATH000004153,True,False,False
PATH000001620,True,False,False
PATH000001653,True,False,False
PATH000001579,True,False,False
PATH000001588,True,False,False
PATH000001607,True,False,False
PATH000001646,True,False,False
PATH000001618,True,False,False
PATH000002596,True,False,False
PATH000002704,True,False,False
PATH000003383,True,False,False
PATH000003564,True,False,False
PATH000003386,True,False,False
PATH000003442,True,False,False
PATH000003269,True,False,False
PATH000003310,True,False,False
PATH000003346,True,False,False
PATH000003372,True,False,False
PATH000003430,True,False,False
PATH000003554,True,False,False
PATH000003607,True,False,False
PATH000003505,True,False,False
PATH000003575,True,False,False
PATH000003402,True,False,False
PATH000003475,True,False,False
PATH000003527,True,False,False
PATH000003540,True,False,False
PATH000002884,True,False,False
PATH000003180,True,False,False
PATH000002916,True,False,False
PATH000002993,True,False,False
PATH000002603,True,False,False
PATH000002938,True,False,False
PATH000002676,True,False,False
PATH000003025,True,False,False
PATH000002722,True,False,False
PATH000003027,True,False,False
PATH000003838,True,False,False
PATH000003842,True,False,False
PATH000005963,True,False,False
PATH000006009,True,False,False
PATH000006017,True,False,False
PATH000006044,True,False,False
PATH000005987,True,False,False
PATH000001448,True,False,False
PATH000001482,True,False,False
PATH000001814,True,False,False
PATH000001474,True,False,False
PATH000001496,True,False,False
PATH000003298,True,False,False
PATH000003336,True,False,False
PATH000003315,True,False,False
PATH000003538,True,False,False
PATH000003528,True,False,False
PATH000003541,True,False,False
PATH000003408,True,False,False
PATH000003413,True,False,False
PATH000003504,True,False,False
PATH000003515,True,False,False
PATH000003375,True,False,False
PATH000003571,True,False,False
PATH000003288,True,False,False
PATH000003287,True,False,False
PATH000003481,True,False,False
PATH000003263,True,False,False
PATH000003276,True,False,False
PATH000003397,True,False,False
PATH000003427,True,False,False
PATH000003456,True,False,False
PATH000003371,True,False,False
PATH000003488,True,False,False
PATH000003608,True,False,False
PATH000003316,True,False,False
PATH000003493,True,False,False
PATH000003376,True,False,False
PATH000003451,True,False,False
PATH000003281,True,False,False
PATH000003496,True,False,False
PATH000003333,True,False,False
PATH000003552,True,False,False
PATH000003437,True,False,False
PATH000003455,True,False,False
PATH000003280,True,False,False
PATH000003499,True,False,False
PATH000003544,True,False,False
PATH000003311,True,False,False
PATH000003524,True,False,False
PATH000003507,True,False,False
PATH000003602,True,False,False
PATH000003299,True,False,False
PATH000003494,True,False,False
PATH000003473,True,False,False
PATH000003502,True,False,False
PATH000003359,True,False,False
PATH000003338,True,False,False
PATH000003573,True,False,False
PATH000003306,True,False,False
PATH000003453,True,False,False
PATH000003282,True,False,False
PATH000003297,True,False,False
PATH000003472,True,False,False
PATH000003593,True,False,False
PATH000003350,True,False,False
PATH000003381,True,False,False
PATH000003274,True,False,False
PATH000003347,True,False,False
PATH000003547,True,False,False
PATH000003264,True,False,False
PATH000003270,True,False,False
PATH000003313,True,False,False
PATH000003546,True,False,False
PATH000003584,True,False,False
PATH000003536,True,False,False
PATH000003559,True,False,False
PATH000003266,True,False,False
PATH000003323,True,False,False
PATH000003454,True,False,False
PATH000003462,True,False,False
PATH000003275,True,False,False
PATH000005980,True,False,False
PATH000006092,True,False,False
PATH000003724,True,False,False
PATH000003778,True,False,False
PATH000005956,True,False,False
PATH000006001,True,False,False
PATH000005996,True,False,False
PATH000006057,True,False,False
PATH000005159,True,False,False
PATH000005257,True,False,False
PATH000005959,True,False,False
PATH000006082,True,False,False
PATH000003909,True,False,False
PATH000003963,True,False,False
PATH000003358,True,False,False
PATH000003418,True,False,False
PATH000003355,True,False,False
PATH000003401,True,False,False
PATH000003365,True,False,False
PATH000003406,True,False,False
PATH000003354,True,False,False
PATH000003458,True,False,False
PATH000003508,True,False,False
PATH000006033,True,False,False
PATH000006088,True,False,False
PATH000003256,True,False,False
PATH000003433,True,False,False
PATH000003954,True,False,False
PATH000004135,True,False,False
PATH000005954,True,False,False
PATH000006012,True,False,False
PATH000006020,True,False,False
PATH000009404,True,False,False
PATH000009588,True,False,False
PATH000005991,True,False,False
PATH000006094,True,False,False
PATH000003939,True,False,False
PATH000004105,True,False,False
PATH000003642,True,False,False
PATH000003683,True,False,False
PATH000002912,True,False,False
PATH000002974,True,False,False
PATH000003776,True,False,False
PATH000003805,True,False,False
PATH000001759,True,False,False
PATH000001786,True,False,False
PATH000001790,True,False,False
PATH000001810,True,False,False
PATH000001815,True,False,False
PATH000001816,True,False,False
PATH000003663,True,False,False
PATH000003708,True,False,False
PATH000001768,True,False,False
PATH000001804,True,False,False
PATH000003767,True,False,False
PATH000001606,True,False,False
PATH000001623,True,False,False
PATH000001472,True,False,False
PATH000001478,True,False,False
PATH000001490,True,False,False
PATH000001494,True,False,False
PATH000003825,True,False,False
PATH000001484,True,False,False
PATH000001489,True,False,False
PATH000001493,True,False,False
PATH000001773,True,False,False
PATH000001822,True,False,False
PATH000001475,True,False,False
PATH000001483,True,False,False
PATH000002784,True,False,False
PATH000003237,True,False,False
PATH000001485,True,False,False
PATH000001491,True,False,False
PATH000001760,True,False,False
PATH000001780,True,False,False
PATH000001798,True,False,False
PATH000001762,True,False,False
PATH000001812,True,False,False
PATH000008166,True,False,False
PATH000008384,True,False,False
PATH000005972,True,False,False
PATH000005994,True,False,False
PATH000005395,True,False,False
PATH000005441,True,False,False
PATH000005021,True,False,False
PATH000005474,True,False,False
PATH000008343,True,False,False
PATH000008381,True,False,False
PATH000008202,True,False,False
PATH000008378,True,False,False
PATH000011571,True,False,False
PATH000008226,True,False,False
PATH000008449,True,False,False
PATH000008208,True,False,False
PATH000008436,True,False,False
PATH000008309,True,False,False
PATH000008355,True,False,False
PATH000008250,True,False,False
PATH000008445,True,False,False
PATH000008181,True,False,False
PATH000008254,True,False,False
PATH000008278,True,False,False
PATH000008332,True,False,False
PATH000003279,True,False,False
PATH000003422,True,False,False
PATH000003378,True,False,False
PATH000003484,True,False,False
PATH000003309,True,False,False
PATH000003485,True,False,False
PATH000003550,True,False,False
PATH000003605,True,False,False
PATH000003302,True,False,False
PATH000003480,True,False,False
PATH000003273,True,False,False
PATH000003470,True,False,False
PATH000003599,True,False,False
PATH000003611,True,False,False
PATH000003512,True,False,False
PATH000003514,True,False,False
PATH000003391,True,False,False
PATH000003545,True,False,False
PATH000003356,True,False,False
PATH000003609,True,False,False
PATH000003278,True,False,False
PATH000003523,True,False,False
PATH000003443,True,False,False
PATH000003506,True,False,False
PATH000003449,True,False,False
PATH000003483,True,False,False
PATH000003557,True,False,False
PATH000003362,True,False,False
PATH000003392,True,False,False
PATH000003261,True,False,False
PATH000008270,True,False,False
PATH000008315,True,False,False
PATH000008136,True,False,False
PATH000008150,True,False,False
PATH000008149,True,False,False
PATH000008365,True,False,False
PATH000008180,True,False,False
PATH000008209,True,False,False
PATH000008337,True,False,False
PATH000008363,True,False,False
PATH000003709,True,False,False
PATH000003719,True,False,False
PATH000002772,True,False,False
PATH000002969,True,False,False
PATH000002889,True,False,False
PATH000003001,True,False,False
PATH000006024,True,False,False
PATH000006073,True,False,False
PATH000002799,True,False,False
PATH000003095,True,False,False
PATH000003721,True,False,False
PATH000003761,True,False,False
PATH000005967,True,False,False
PATH000003836,True,False,False
PATH000003688,True,False,False
PATH000003811,True,False,False
PATH000003640,True,False,False
PATH000003817,True,False,False
PATH000003740,True,False,False
PATH000003782,True,False,False
PATH000003755,True,False,False
PATH000003768,True,False,False
PATH000005941,True,False,False
PATH000003659,True,False,False
PATH000003764,True,False,False
PATH000002658,True,False,False
PATH000002723,True,False,False
PATH000006026,True,False,False
PATH000006098,True,False,False
PATH000003711,True,False,False
PATH000003752,True,False,False
PATH000003847,True,False,False
PATH000006003,True,False,False
PATH000006035,True,False,False
PATH000012017,True,False,False
PATH000012027,True,False,False
PATH000005955,True,False,False
PATH000006043,True,False,False
PATH000006045,True,False,False
PATH000006091,True,False,False
PATH000005969,True,False,False
PATH000006049,True,False,False
PATH000008336,True,False,False
PATH000008347,True,False,False
PATH000008293,True,False,False
PATH000008412,True,False,False
PATH000011524,True,False,False
PATH000008268,True,False,False
PATH000008354,True,False,False
PATH000008088,True,False,False
PATH000008228,True,False,False
PATH000008122,True,False,False
PATH000008367,True,False,False
PATH000006039,True,False,False
PATH000006061,True,False,False
PATH000008222,True,False,False
PATH000008325,True,False,False
PATH000003732,True,False,False
PATH000003823,True,False,False
PATH000005796,True,False,False
PATH000002580,True,False,False
PATH000002907,True,False,False
PATH000002843,True,False,False
PATH000003091,True,False,False
PATH000003231,True,False,False
PATH000003048,True,False,False
PATH000003071,True,False,False
PATH000003175,True,False,False
PATH000003799,True,False,False
PATH000005528,True,False,False
PATH000002615,True,False,False
PATH000002724,True,False,False
PATH000002931,True,False,False
PATH000003229,True,False,False
PATH000003137,True,False,False
PATH000002741,True,False,False
PATH000002757,True,False,False
PATH000002768,True,False,False
PATH000002926,True,False,False
PATH000002976,True,False,False
PATH000002609,True,False,False
PATH000002624,True,False,False
PATH000002982,True,False,False
PATH000003010,True,False,False
PATH000002685,True,False,False
PATH000005335,True,False,False
PATH000005911,True,False,False
PATH000005139,True,False,False
PATH000005440,True,False,False
PATH000005615,True,False,False
PATH000005695,True,False,False
PATH000005153,True,False,False
PATH000005196,True,False,False
PATH000005411,True,False,False
PATH000005425,True,False,False
PATH000005010,True,False,False
PATH000005501,True,False,False
PATH000005518,True,False,False
PATH000005745,True,False,False
PATH000005875,True,False,False
PATH000005531,True,False,False
PATH000005826,True,False,False
PATH000005017,True,False,False
PATH000005059,True,False,False
PATH000005119,True,False,False
PATH000005442,True,False,False
PATH000005547,True,False,False
PATH000005641,True,False,False
PATH000005496,True,False,False
PATH000005670,True,False,False
PATH000005732,True,False,False
PATH000005791,True,False,False
PATH000005795,True,False,False
PATH000005248,True,False,False
PATH000005151,True,False,False
PATH000005910,True,False,False
PATH000005102,True,False,False
PATH000005154,True,False,False
PATH000005171,True,False,False
PATH000005555,True,False,False
PATH000005688,True,False,False
PATH000005804,True,False,False
PATH000005091,True,False,False
PATH000005175,True,False,False
PATH000005784,True,False,False
PATH000005432,True,False,False
PATH000005887,True,False,False
PATH000005277,True,False,False
PATH000005752,True,False,False
PATH000005288,True,False,False
PATH000005595,True,False,False
PATH000005066,True,False,False
PATH000005366,True,False,False
PATH000005457,True,False,False
PATH000005045,True,False,False
PATH000005056,True,False,False
PATH000005161,True,False,False
PATH000005069,True,False,False
PATH000005072,True,False,False
PATH000005387,True,False,False
PATH000005613,True,False,False
PATH000005096,True,False,False
PATH000005542,True,False,False
PATH000005724,True,False,False
PATH000005733,True,False,False
PATH000005065,True,False,False
PATH000005530,True,False,False
PATH000005537,True,False,False
PATH000005902,True,False,False
PATH000005803,True,False,False
PATH000006432,True,False,False
PATH000012686,True,False,False
PATH000013558,True,False,False
PATH000006429,True,False,False
PATH000013498,True,False,False
PATH000006168,True,False,False
PATH000006707,True,False,False
PATH000006363,True,False,False
PATH000012074,True,False,False
PATH000006563,True,False,False
PATH000006579,True,False,False
PATH000006131,True,False,False
PATH000006764,True,False,False
PATH000013613,True,False,False
PATH000006474,True,False,False
PATH000006537,True,False,False
PATH000006630,True,False,False
PATH000000278,True,False,False
PATH000006203,True,False,False
PATH000006571,True,False,False
PATH000006734,True,False,False
PATH000006443,True,False,False
PATH000006177,True,False,False
PATH000006227,True,False,False
PATH000006315,True,False,False
PATH000006520,True,False,False
PATH000006558,True,False,False
PATH000006811,True,False,False
PATH000006165,True,False,False
PATH000006383,True,False,False
PATH000006774,True,False,False
PATH000006144,True,False,False
PATH000006254,True,False,False
PATH000001019,True,False,False
PATH000006693,True,False,False
PATH000013554,True,False,False
PATH000008762,True,False,False
PATH000007682,True,False,False
PATH000008104,True,False,False
PATH000008464,True,False,False
PATH000006776,True,False,False
PATH000006812,True,False,False
PATH000013490,True,False,False
PATH000007694,True,False,False
PATH000006702,True,False,False
PATH000006339,True,False,False
PATH000006120,True,False,False
PATH000006285,True,False,False
PATH000006288,True,False,False
PATH000006668,True,False,False
PATH000006143,True,False,False
PATH000013564,True,False,False
PATH000006439,True,False,False
PATH000006426,True,False,False
PATH000006490,True,False,False
PATH000006506,True,False,False
PATH000006675,True,False,False
PATH000006368,True,False,False
PATH000006674,True,False,False
PATH000006364,True,False,False
PATH000006667,True,False,False
PATH000006800,True,False,False
PATH000006212,True,False,False
PATH000008816,True,False,False
PATH000008823,True,False,False
PATH000006746,True,False,False
PATH000006326,True,False,False
PATH000006788,True,False,False
PATH000006496,True,False,False
PATH000006517,True,False,False
PATH000006252,True,False,False
PATH000006337,True,False,False
PATH000006633,True,False,False
PATH000006680,True,False,False
PATH000013537,True,False,False
PATH000006769,True,False,False
PATH000006162,True,False,False
PATH000006556,True,False,False
PATH000006557,True,False,False
PATH000006153,True,False,False
PATH000006748,True,False,False
PATH000006176,True,False,False
PATH000013630,True,False,False
PATH000006766,True,False,False
PATH000006728,True,False,False
PATH000008017,True,False,False
PATH000006336,True,False,False
PATH000006452,True,False,False
PATH000006329,True,False,False
PATH000013507,True,False,False
PATH000006139,True,False,False
PATH000006320,True,False,False
PATH000006704,True,False,False
PATH000012128,True,False,False
PATH000008098,True,False,False
PATH000006526,True,False,False
PATH000008244,True,False,False
PATH000006201,True,False,False
PATH000006132,True,False,False
PATH000006553,True,False,False
PATH000006334,True,False,False
PATH000006690,True,False,False
PATH000008667,True,False,False
PATH000006137,True,False,False
PATH000006223,True,False,False
PATH000006676,True,False,False
PATH000006695,True,False,False
PATH000006697,True,False,False
PATH000006712,True,False,False
PATH000006779,True,False,False
PATH000006797,True,False,False
PATH000006732,True,False,False
PATH000006146,True,False,False
PATH000008761,True,False,False
PATH000006284,True,False,False
PATH000006418,True,False,False
PATH000006625,True,False,False
PATH000006270,True,False,False
PATH000006744,True,False,False
PATH000006480,True,False,False
PATH000006525,True,False,False
PATH000012389,True,False,False
PATH000006196,True,False,False
PATH000006303,True,False,False
PATH000006487,True,False,False
PATH000006584,True,False,False
PATH000006809,True,False,False
PATH000006638,True,False,False
PATH000006152,True,False,False
PATH000008649,True,False,False
PATH000006182,True,False,False
PATH000006385,True,False,False
PATH000006401,True,False,False
PATH000006708,True,False,False
PATH000006681,True,False,False
PATH000006118,True,False,False
PATH000013580,True,False,False
PATH000013634,True,False,False
PATH000013541,True,False,False
PATH000006268,True,False,False
PATH000006514,True,False,False
PATH000008785,True,False,False
PATH000006319,True,False,False
PATH000006593,True,False,False
PATH000006653,True,False,False
PATH000006259,True,False,False
PATH000006275,True,False,False
PATH000006332,True,False,False
PATH000006130,True,False,False
PATH000006406,True,False,False
PATH000008048,True,False,False
PATH000006771,True,False,False
PATH000006187,True,False,False
PATH000006659,True,False,False
PATH000006471,True,False,False
PATH000006235,True,False,False
PATH000008310,True,False,False
PATH000008399,True,False,False
PATH000006631,True,False,False
PATH000006138,True,False,False
PATH000006445,True,False,False
PATH000006109,True,False,False
PATH000006742,True,False,False
PATH000006531,True,False,False
PATH000008779,True,False,False
PATH000006114,True,False,False
PATH000006574,True,False,False
PATH000006330,True,False,False
PATH000011939,True,False,False
PATH000012287,True,False,False
PATH000011949,True,False,False
PATH000012016,True,False,False
PATH000006607,True,False,False
PATH000006438,True,False,False
PATH000006446,True,False,False
PATH000008481,True,False,False
PATH000006428,True,False,False
PATH000006698,True,False,False
PATH000006150,True,False,False
PATH000012247,True,False,False
PATH000006613,True,False,False
PATH000007980,True,False,False
PATH000007121,True,False,False
PATH000006671,True,False,False
PATH000006289,True,False,False
PATH000006492,True,False,False
PATH000008396,True,False,False
PATH000006660,True,False,False
PATH000013535,True,False,False
PATH000013598,True,False,False
PATH000006244,True,False,False
PATH000006323,True,False,False
PATH000006402,True,False,False
PATH000006807,True,False,False
PATH000006366,True,False,False
PATH000008597,True,False,False
PATH000006684,True,False,False
PATH000006749,True,False,False
PATH000008380,True,False,False
PATH000007249,True,False,False
PATH000008371,True,False,False
PATH000006686,True,False,False
PATH000006195,True,False,False
PATH000013584,True,False,False
PATH000006296,True,False,False
PATH000006620,True,False,False
PATH000006595,True,False,False
PATH000013749,True,False,False
PATH000006127,True,False,False
PATH000006202,True,False,False
PATH000007870,True,False,False
PATH000008140,True,False,False
PATH000006210,True,False,False
PATH000006791,True,False,False
PATH000006154,True,False,False
PATH000008353,True,False,False
PATH000006236,True,False,False
PATH000006626,True,False,False
PATH000006523,True,False,False
PATH000006160,True,False,False
PATH000006550,True,False,False
PATH000006463,True,False,False
PATH000006263,True,False,False
PATH000006568,True,False,False
PATH000006522,True,False,False
PATH000008295,True,False,False
PATH000007802,True,False,False
PATH000007122,True,False,False
PATH000008080,True,False,False
PATH000008368,True,False,False
PATH000007023,True,False,False
PATH000008086,True,False,False
PATH000008125,True,False,False
PATH000008139,True,False,False
PATH000008238,True,False,False
PATH000008339,True,False,False
PATH000008430,True,False,False
PATH000008475,True,False,False
PATH000008708,True,False,False
PATH000008854,True,False,False
PATH000009433,True,False,False
PATH000008109,True,False,False
PATH000006427,True,False,False
PATH000008467,True,False,False
PATH000012693,True,False,False
PATH000008282,True,False,False
PATH000007195,True,False,False
PATH000007081,True,False,False
PATH000006142,True,False,False
PATH000007701,True,False,False
PATH000008793,True,False,False
PATH000007906,True,False,False
PATH000007025,True,False,False
PATH000008733,True,False,False
PATH000012584,True,False,False
PATH000008873,True,False,False
PATH000008825,True,False,False
PATH000006151,True,False,False
PATH000012688,True,False,False
PATH000012729,True,False,False
PATH000008236,True,False,False
PATH000008774,True,False,False
PATH000008710,True,False,False
PATH000008154,True,False,False
PATH000007728,True,False,False
PATH000007586,True,False,False
PATH000008476,True,False,False
PATH000008651,True,False,False
PATH000008082,True,False,False
PATH000006156,True,False,False
PATH000012702,True,False,False
PATH000008819,True,False,False
PATH000008190,True,False,False
PATH000008610,True,False,False
PATH000008162,True,False,False
PATH000008326,True,False,False
PATH000008456,True,False,False
PATH000012230,True,False,False
PATH000012360,True,False,False
PATH000006243,False,True,False
PATH000001187,False,True,False
PATH000003940,False,True,False
PATH000008894,False,True,False
PATH000008938,False,True,False
PATH000013631,False,True,False
PATH000008385,False,True,False
PATH000004248,False,True,False
PATH000006008,False,True,False
PATH000009155,False,True,False
PATH000009232,False,True,False
PATH000008018,False,True,False
PATH000008207,False,True,False
PATH000003804,False,True,False
PATH000004416,False,True,False
PATH000004500,False,True,False
PATH000006719,False,True,False
PATH000003831,False,True,False
PATH000011849,False,True,False
PATH000009829,False,True,False
PATH000003693,False,True,False
PATH000003756,False,True,False
PATH000006462,False,True,False
PATH000001564,False,True,False
PATH000004936,False,True,False
PATH000005397,False,True,False
PATH000005435,False,True,False
PATH000004878,False,True,False
PATH000004147,False,True,False
PATH000004325,False,True,False
PATH000004688,False,True,False
PATH000004068,False,True,False
PATH000004077,False,True,False
PATH000004115,False,True,False
PATH000004727,False,True,False
PATH000000046,False,True,False
PATH000008248,False,True,False
PATH000003645,False,True,False
PATH000004006,False,True,False
PATH000004119,False,True,False
PATH000007786,False,True,False
PATH000007990,False,True,False
PATH000006075,False,True,False
PATH000006587,False,True,False
PATH000011713,False,True,False
PATH000011800,False,True,False
PATH000005966,False,True,False
PATH000008652,False,True,False
PATH000008630,False,True,False
PATH000000438,False,True,False
PATH000009378,False,True,False
PATH000007479,False,True,False
PATH000007535,False,True,False
PATH000007227,False,True,False
PATH000000115,False,True,False
PATH000000123,False,True,False
PATH000006509,False,True,False
PATH000003220,False,True,False
PATH000004066,False,True,False
PATH000008241,False,True,False
PATH000003961,False,True,False
PATH000004024,False,True,False
PATH000004525,False,True,False
PATH000004574,False,True,False
PATH000004870,False,True,False
PATH000009064,False,True,False
PATH000013551,False,True,False
PATH000003976,False,True,False
PATH000004811,False,True,False
PATH000004947,False,True,False
PATH000005256,False,True,False
PATH000005634,False,True,False
PATH000008950,False,True,False
PATH000009079,False,True,False
PATH000012356,False,True,False
PATH000001174,False,True,False
PATH000001191,False,True,False
PATH000011555,False,True,False
PATH000000815,False,True,False
PATH000000828,False,True,False
PATH000000784,False,True,False
PATH000000804,False,True,False
PATH000003576,False,True,False
PATH000004835,False,True,False
PATH000001037,False,True,False
PATH000001078,False,True,False
PATH000001258,False,True,False
PATH000001284,False,True,False
PATH000006820,False,True,False
PATH000006882,False,True,False
PATH000000144,False,True,False
PATH000000164,False,True,False
PATH000000080,False,True,False
PATH000001855,False,True,False
PATH000000038,False,True,False
PATH000007744,False,True,False
PATH000000250,False,True,False
PATH000000276,False,True,False
PATH000004461,False,True,False
PATH000004650,False,True,False
PATH000004700,False,True,False
PATH000004940,False,True,False
PATH000011997,False,True,False
PATH000012004,False,True,False
PATH000009015,False,True,False
PATH000009228,False,True,False
PATH000012079,False,True,False
PATH000012268,False,True,False
PATH000012438,False,True,False
PATH000012496,False,True,False
PATH000000792,False,True,False
PATH000000362,False,True,False
PATH000000364,False,True,False
PATH000012376,False,True,False
PATH000000655,False,True,False
PATH000006421,False,True,False
PATH000001055,False,True,False
PATH000001088,False,True,False
PATH000006392,False,True,False
PATH000006504,False,True,False
PATH000006277,False,True,False
PATH000006564,False,True,False
PATH000004631,False,True,False
PATH000006121,False,True,False
PATH000003468,False,True,False
PATH000003511,False,True,False
PATH000012491,False,True,False
PATH000012531,False,True,False
PATH000009877,False,True,False
PATH000009929,False,True,False
PATH000006795,False,True,False
PATH000001270,False,True,False
PATH000001283,False,True,False
PATH000000935,False,True,False
PATH000000937,False,True,False
PATH000000023,False,True,False
PATH000004886,False,True,False
PATH000004968,False,True,False
PATH000012011,False,True,False
PATH000012153,False,True,False
PATH000004638,False,True,False
PATH000008357,False,True,False
PATH000012234,False,True,False
PATH000012397,False,True,False
PATH000003699,False,True,False
PATH000003766,False,True,False
PATH000004954,False,True,False
PATH000000853,False,True,False
PATH000000872,False,True,False
PATH000008127,False,True,False
PATH000008257,False,True,False
PATH000003734,False,True,False
PATH000003791,False,True,False
PATH000001936,False,True,False
PATH000001962,False,True,False
PATH000006706,False,True,False
PATH000000171,False,True,False
PATH000000177,False,True,False
PATH000000232,False,True,False
PATH000000236,False,True,False
PATH000003305,False,True,False
PATH000003326,False,True,False
PATH000003366,False,True,False
PATH000003532,False,True,False
PATH000008891,False,True,False
PATH000009018,False,True,False
PATH000002631,False,True,False
PATH000002897,False,True,False
PATH000009292,False,True,False
PATH000009301,False,True,False
PATH000009473,False,True,False
PATH000009556,False,True,False
PATH000004749,False,True,False
PATH000004784,False,True,False
PATH000004928,False,True,False
PATH000000282,False,True,False
PATH000003600,False,True,False
PATH000000173,False,True,False
PATH000009222,False,True,False
PATH000009269,False,True,False
PATH000007695,False,True,False
PATH000009880,False,True,False
PATH000001424,False,True,False
PATH000001434,False,True,False
PATH000001703,False,True,False
PATH000001744,False,True,False
PATH000001755,False,True,False
PATH000008666,False,True,False
PATH000008716,False,True,False
PATH000006290,False,True,False
PATH000006291,False,True,False
PATH000001675,False,True,False
PATH000005534,False,True,False
PATH000005849,False,True,False
PATH000009024,False,True,False
PATH000005492,False,True,False
PATH000005673,False,True,False
PATH000008600,False,True,False
PATH000009770,False,True,False
PATH000010023,False,True,False
PATH000000607,False,True,False
PATH000012599,False,True,False
PATH000012748,False,True,False
PATH000007651,False,True,False
PATH000012034,False,True,False
PATH000012292,False,True,False
PATH000001417,False,True,False
PATH000008933,False,True,False
PATH000009248,False,True,False
PATH000001154,False,True,False
PATH000001166,False,True,False
PATH000008131,False,True,False
PATH000008138,False,True,False
PATH000000641,False,True,False
PATH000012052,False,True,False
PATH000012269,False,True,False
PATH000002963,False,True,False
PATH000003093,False,True,False
PATH000006499,False,True,False
PATH000002955,False,True,False
PATH000000712,False,True,False
PATH000000716,False,True,False
PATH000000721,False,True,False
PATH000000735,False,True,False
PATH000004867,False,True,False
PATH000000150,False,True,False
PATH000000153,False,True,False
PATH000008135,False,True,False
PATH000008308,False,True,False
PATH000008373,False,True,False
PATH000008408,False,True,False
PATH000003715,False,True,False
PATH000003726,False,True,False
PATH000003753,False,True,False
PATH000003796,False,True,False
PATH000003904,False,True,False
PATH000003283,False,True,False
PATH000003555,False,True,False
PATH000006666,False,True,False
PATH000008176,False,True,False
PATH000003637,False,True,False
PATH000003703,False,True,False
PATH000003714,False,True,False
PATH000003737,False,True,False
PATH000003815,False,True,False
PATH000003818,False,True,False
PATH000003826,False,True,False
PATH000003851,False,True,False
PATH000004059,False,True,False
PATH000004142,False,True,False
PATH000011532,False,True,False
PATH000009979,False,True,False
PATH000012070,False,True,False
PATH000012306,False,True,False
PATH000001421,False,True,False
PATH000001446,False,True,False
PATH000005113,False,True,False
PATH000005424,False,True,False
PATH000009552,False,True,False
PATH000009573,False,True,False
PATH000004219,False,True,False
PATH000000505,False,True,False
PATH000006773,False,True,False
PATH000003251,False,True,False
PATH000003373,False,True,False
PATH000001840,False,True,False
PATH000001960,False,True,False
PATH000008161,False,True,False
PATH000008203,False,True,False
PATH000011528,False,True,False
PATH000011589,False,True,False
PATH000004019,False,True,False
PATH000004029,False,True,False
PATH000004143,False,True,False
PATH000007661,False,True,False
PATH000007880,False,True,False
PATH000000674,False,True,False
PATH000000176,False,True,False
PATH000009410,False,True,False
PATH000002680,False,True,False
PATH000003070,False,True,False
PATH000009196,False,True,False
PATH000009219,False,True,False
PATH000008972,False,True,False
PATH000009221,False,True,False
PATH000000390,False,True,False
PATH000000400,False,True,False
PATH000001535,False,True,False
PATH000001561,False,True,False
PATH000001708,False,True,False
PATH000000118,False,True,False
PATH000000234,False,True,False
PATH000006501,False,True,False
PATH000011928,False,True,False
PATH000011985,False,True,False
PATH000012058,False,True,False
PATH000004235,False,True,False
PATH000004242,False,True,False
PATH000005986,False,True,False
PATH000006052,False,True,False
PATH000009031,False,True,False
PATH000000100,False,True,False
PATH000006011,False,True,False
PATH000004770,False,True,False
PATH000004939,False,True,False
PATH000012096,False,True,False
PATH000012369,False,True,False
PATH000008682,False,True,False
PATH000001013,False,True,False
PATH000001014,False,True,False
PATH000013746,False,True,False
PATH000000710,False,True,False
PATH000000723,False,True,False
PATH000000724,False,True,False
PATH000007351,False,True,False
PATH000007502,False,True,False
PATH000007986,False,True,False
PATH000008151,False,True,False
PATH000005960,False,True,False
PATH000006059,False,True,False
PATH000009129,False,True,False
PATH000007834,False,True,False
PATH000003291,False,True,False
PATH000003308,False,True,False
PATH000000651,False,True,False
PATH000009366,False,True,False
PATH000009840,False,True,False
PATH000004636,False,True,False
PATH000004728,False,True,False
PATH000011911,False,True,False
PATH000012386,False,True,False
PATH000004315,False,True,False
PATH000004456,False,True,False
PATH000004458,False,True,False
PATH000004974,False,True,False
PATH000012478,False,True,False
PATH000012519,False,True,False
PATH000009097,False,True,False
PATH000009557,False,True,False
PATH000009788,False,True,False
PATH000001621,False,True,False
PATH000001637,False,True,False
PATH000005455,False,True,False
PATH000005687,False,True,False
PATH000009942,False,True,False
PATH000009456,False,True,False
PATH000009945,False,True,False
PATH000001470,False,True,False
PATH000001479,False,True,False
PATH000002610,False,True,False
PATH000002735,False,True,False
PATH000012385,False,True,False
PATH000012424,False,True,False
PATH000001068,False,True,False
PATH000001081,False,True,False
PATH000009110,False,True,False
PATH000009162,False,True,False
PATH000000341,False,True,False
PATH000000353,False,True,False
PATH000012524,False,True,False
PATH000012538,False,True,False
PATH000000174,False,True,False
PATH000000184,False,True,False
PATH000006042,False,True,False
PATH000006068,False,True,False
PATH000006095,False,True,False
PATH000012140,False,True,False
PATH000012144,False,True,False
PATH000004925,False,True,False
PATH000000829,False,True,False
PATH000000831,False,True,False
PATH000000654,False,True,False
PATH000000670,False,True,False
PATH000000678,False,True,False
PATH000001774,False,True,False
PATH000001795,False,True,False
PATH000002588,False,True,False
PATH000002589,False,True,False
PATH000003662,False,True,False
PATH000003802,False,True,False
PATH000012062,False,True,False
PATH000012142,False,True,False
PATH000002629,False,True,False
PATH000003240,False,True,False
PATH000006271,False,True,False
PATH000000985,False,True,False
PATH000001008,False,True,False
PATH000000538,False,True,False
PATH000008333,False,True,False
PATH000008755,False,True,False
PATH000008845,False,True,False
PATH000000146,False,True,False
PATH000000167,False,True,False
PATH000001895,False,True,False
PATH000001917,False,True,False
PATH000003590,False,True,False
PATH000001615,False,True,False
PATH000001638,False,True,False
PATH000002798,False,True,False
PATH000000219,False,True,False
PATH000003513,False,True,False
PATH000002752,False,True,False
PATH000002959,False,True,False
PATH000011953,False,True,False
PATH000012036,False,True,False
PATH000000895,False,True,False
PATH000000053,False,True,False
PATH000009604,False,True,False
PATH000006307,False,True,False
PATH000006362,False,True,False
PATH000006391,False,True,False
PATH000000081,False,True,False
PATH000003626,False,True,False
PATH000003665,False,True,False
PATH000003695,False,True,False
PATH000004181,False,True,False
PATH000003361,False,True,False
PATH000003368,False,True,False
PATH000006279,False,True,False
PATH000001127,False,True,False
PATH000001153,False,True,False
PATH000001884,False,True,False
PATH000001891,False,True,False
PATH000008982,False,True,False
PATH000009022,False,True,False
PATH000001514,False,True,False
PATH000001523,False,True,False
PATH000003061,False,True,False
PATH000003467,False,True,False
PATH000003617,False,True,False
PATH000002754,False,True,False
PATH000002925,False,True,False
PATH000004032,False,True,False
PATH000000685,False,True,False
PATH000003286,False,True,False
PATH000003348,False,True,False
PATH000001150,False,True,False
PATH000001165,False,True,False
PATH000009589,False,True,False
PATH000009766,False,True,False
PATH000000285,False,True,False
PATH000000313,False,True,False
PATH000001574,False,True,False
PATH000001610,False,True,False
PATH000006931,False,True,False
PATH000007007,False,True,False
PATH000008923,False,True,False
PATH000008952,False,True,False
PATH000004518,False,True,False
PATH000004716,False,True,False
PATH000012540,False,True,False
PATH000012564,False,True,False
PATH000008780,False,True,False
PATH000000105,False,True,False
PATH000007700,False,True,False
PATH000008498,False,True,False
PATH000000060,False,True,False
PATH000003463,False,True,False
PATH000003495,False,True,False
PATH000000045,False,True,False
PATH000000073,False,True,False
PATH000005106,False,True,False
PATH000005751,False,True,False
PATH000008454,False,True,False
PATH000008612,False,True,False
PATH000008996,False,True,False
PATH000009053,False,True,False
PATH000008747,False,True,False
PATH000004915,False,True,False
PATH000012577,False,True,False
PATH000012579,False,True,False
PATH000004230,False,True,False
PATH000004236,False,True,False
PATH000006451,False,True,False
PATH000002896,False,True,False
PATH000000707,False,True,False
PATH000000732,False,True,False
PATH000006221,False,True,False
PATH000003330,False,True,False
PATH000003441,False,True,False
PATH000012365,False,True,False
PATH000012395,False,True,False
PATH000003672,False,True,False
PATH000003993,False,True,False
PATH000004036,False,True,False
PATH000008883,False,True,False
PATH000009061,False,True,False
PATH000001584,False,True,False
PATH000001592,False,True,False
PATH000009835,False,True,False
PATH000000885,False,True,False
PATH000003792,False,True,False
PATH000007430,False,True,False
PATH000004265,False,True,False
PATH000004608,False,True,False
PATH000004887,False,True,False
PATH000007044,False,True,False
PATH000007287,False,True,False
PATH000000688,False,True,False
PATH000000766,False,True,False
PATH000007570,False,True,False
PATH000007127,False,True,False
PATH000007171,False,True,False
PATH000007600,False,True,False
PATH000000536,False,True,False
PATH000000540,False,True,False
PATH000007768,False,True,False
PATH000008959,False,True,False
PATH000009199,False,True,False
PATH000000890,False,True,False
PATH000000893,False,True,False
PATH000006278,False,True,False
PATH000000036,False,True,False
PATH000005273,False,False,True
PATH000005754,False,False,True
PATH000006453,False,False,True
PATH000009475,False,False,True
PATH000006396,False,False,True
PATH000003899,False,False,True
PATH000004000,False,False,True
PATH000004124,False,False,True
PATH000004776,False,False,True
PATH000009514,False,False,True
PATH000006489,False,False,True
PATH000005234,False,False,True
PATH000005289,False,False,True
PATH000005347,False,False,True
PATH000005883,False,False,True
PATH000007760,False,False,True
PATH000007933,False,False,True
PATH000006167,False,False,True
PATH000009869,False,False,True
PATH000009734,False,False,True
PATH000003781,False,False,True
PATH000000613,False,False,True
PATH000009098,False,False,True
PATH000009140,False,False,True
PATH000006762,False,False,True
PATH000004821,False,False,True
PATH000003941,False,False,True
PATH000003966,False,False,True
PATH000006214,False,False,True
PATH000012072,False,False,True
PATH000002957,False,False,True
PATH000008636,False,False,True
PATH000006692,False,False,True
PATH000006116,False,False,True
PATH000006585,False,False,True
PATH000009041,False,False,True
PATH000004344,False,False,True
PATH000006530,False,False,True
PATH000006663,False,False,True
PATH000008686,False,False,True
PATH000008095,False,False,True
PATH000012644,False,False,True
PATH000009741,False,False,True
PATH000009853,False,False,True
PATH000004414,False,False,True
PATH000006430,False,False,True
PATH000004857,False,False,True
PATH000006170,False,False,True
PATH000008992,False,False,True
PATH000003816,False,False,True
PATH000003945,False,False,True
PATH000004022,False,False,True
PATH000009828,False,False,True
PATH000008173,False,False,True
PATH000011912,False,False,True
PATH000012215,False,False,True
PATH000004935,False,False,True
PATH000005283,False,False,True
PATH000005799,False,False,True
PATH000003929,False,False,True
PATH000006532,False,False,True
PATH000008172,False,False,True
PATH000011729,False,False,True
PATH000000914,False,False,True
PATH000004988,False,False,True
PATH000005590,False,False,True
PATH000008457,False,False,True
PATH000008574,False,False,True
PATH000000472,False,False,True
PATH000000522,False,False,True
PATH000012358,False,False,True
PATH000005130,False,False,True
PATH000005282,False,False,True
PATH000005368,False,False,True
PATH000000191,False,False,True
PATH000000237,False,False,True
PATH000009076,False,False,True
PATH000009124,False,False,True
PATH000008142,False,False,True
PATH000012749,False,False,True
PATH000012759,False,False,True
PATH000005820,False,False,True
PATH000005835,False,False,True
PATH000002769,False,False,True
PATH000002911,False,False,True
PATH000005241,False,False,True
PATH000005447,False,False,True
PATH000002714,False,False,True
PATH000002970,False,False,True
PATH000001802,False,False,True
PATH000001819,False,False,True
PATH000001702,False,False,True
PATH000003990,False,False,True
PATH000004117,False,False,True
PATH000001769,False,False,True
PATH000001813,False,False,True
PATH000012468,False,False,True
PATH000000925,False,False,True
PATH000000964,False,False,True
PATH000006621,False,False,True
PATH000000461,False,False,True
PATH000000476,False,False,True
PATH000000809,False,False,True
PATH000009040,False,False,True
PATH000009163,False,False,True
PATH000009113,False,False,True
PATH000009186,False,False,True
PATH000006372,False,False,True
PATH000006618,False,False,True
PATH000009396,False,False,True
PATH000009782,False,False,True
PATH000002767,False,False,True
PATH000002989,False,False,True
PATH000000693,False,False,True
PATH000000718,False,False,True
PATH000003074,False,False,True
PATH000003165,False,False,True
PATH000000814,False,False,True
PATH000003377,False,False,True
PATH000003562,False,False,True
PATH000007079,False,False,True
PATH000011907,False,False,True
PATH000012420,False,False,True
PATH000000009,False,False,True
PATH000000030,False,False,True
PATH000006357,False,False,True
PATH000008318,False,False,True
PATH000001949,False,False,True
PATH000001959,False,False,True
PATH000012013,False,False,True
PATH000012054,False,False,True
PATH000008113,False,False,True
PATH000008182,False,False,True
PATH000008420,False,False,True
PATH000011576,False,False,True
PATH000001971,False,False,True
PATH000002002,False,False,True
PATH000002621,False,False,True
PATH000003024,False,False,True
PATH000003410,False,False,True
PATH000003533,False,False,True
PATH000008989,False,False,True
PATH000009133,False,False,True
PATH000006887,False,False,True
PATH000005876,False,False,True
PATH000000697,False,False,True
PATH000000715,False,False,True
PATH000005748,False,False,True
PATH000005774,False,False,True
PATH000012336,False,False,True
PATH000012387,False,False,True
PATH000005169,False,False,True
PATH000005249,False,False,True
PATH000005293,False,False,True
PATH000005811,False,False,True
PATH000001121,False,False,True
PATH000001129,False,False,True
PATH000004253,False,False,True
PATH000003503,False,False,True
PATH000003542,False,False,True
PATH000000067,False,False,True
PATH000013574,False,False,True
PATH000013635,False,False,True
PATH000012757,False,False,True
PATH000009295,False,False,True
PATH000009348,False,False,True
PATH000003835,False,False,True
PATH000000086,False,False,True
PATH000008639,False,False,True
PATH000008664,False,False,True
PATH000000793,False,False,True
PATH000000854,False,False,True
PATH000008940,False,False,True
PATH000009087,False,False,True
PATH000006119,False,False,True
PATH000012212,False,False,True
PATH000012298,False,False,True
PATH000005369,False,False,True
PATH000005785,False,False,True
PATH000000128,False,False,True
PATH000000169,False,False,True
PATH000004582,False,False,True
PATH000006080,False,False,True
PATH000006089,False,False,True
PATH000003464,False,False,True
PATH000013651,False,False,True
PATH000003469,False,False,True
PATH000011599,False,False,True
PATH000005034,False,False,True
PATH000005691,False,False,True
PATH000000891,False,False,True
PATH000000912,False,False,True
PATH000000772,False,False,True
PATH000000740,False,False,True
PATH000000227,False,False,True
PATH000002719,False,False,True
PATH000003223,False,False,True
PATH000000818,False,False,True
PATH000000855,False,False,True
PATH000012090,False,False,True
PATH000012313,False,False,True
PATH000001420,False,False,True
PATH000001465,False,False,True
PATH000009512,False,False,True
PATH000005044,False,False,True
PATH000005164,False,False,True
PATH000006636,False,False,True
PATH000002759,False,False,True
PATH000003140,False,False,True
PATH000000062,False,False,True
PATH000001364,False,False,True
PATH000001369,False,False,True
PATH000005502,False,False,True
PATH000005664,False,False,True
PATH000005134,False,False,True
PATH000005861,False,False,True
PATH000000116,False,False,True
PATH000000119,False,False,True
PATH000000986,False,False,True
PATH000000987,False,False,True
PATH000006847,False,False,True
PATH000007008,False,False,True
PATH000002781,False,False,True
PATH000003108,False,False,True
PATH000009052,False,False,True
PATH000009258,False,False,True
PATH000000449,False,False,True
PATH000000501,False,False,True
PATH000000513,False,False,True
PATH000003404,False,False,True
PATH000003516,False,False,True
PATH000005819,False,False,True
PATH000005909,False,False,True
PATH000000155,False,False,True
PATH000000158,False,False,True
PATH000005978,False,False,True
PATH000006030,False,False,True
PATH000000445,False,False,True
PATH000000446,False,False,True
PATH000000457,False,False,True
PATH000003260,False,False,True
PATH000003295,False,False,True
PATH000003393,False,False,True
PATH000003487,False,False,True
PATH000003529,False,False,True
PATH000003563,False,False,True
PATH000003579,False,False,True
PATH000003587,False,False,True
PATH000003595,False,False,True
PATH000000650,False,False,True
PATH000001731,False,False,True
PATH000009101,False,False,True
PATH000012012,False,False,True
PATH000012325,False,False,True
PATH000001413,False,False,True
PATH000001463,False,False,True
PATH000006472,False,False,True
PATH000002710,False,False,True
PATH000002817,False,False,True
PATH000009571,False,False,True
PATH000009951,False,False,True
PATH000001599,False,False,True
PATH000001660,False,False,True
PATH000011526,False,False,True
PATH000011584,False,False,True
PATH000008896,False,False,True
PATH000009027,False,False,True
PATH000002860,False,False,True
PATH000004527,False,False,True
PATH000012522,False,False,True
PATH000012571,False,False,True
PATH000004523,False,False,True
PATH000003036,False,False,True
PATH000001148,False,False,True
PATH000001151,False,False,True
PATH000005995,False,False,True
PATH000006029,False,False,True
PATH000006076,False,False,True
PATH000006575,False,False,True
PATH000006163,False,False,True
PATH000006241,False,False,True
PATH000009288,False,False,True
PATH000009326,False,False,True
PATH000000637,False,False,True
PATH000007452,False,False,True
PATH000007501,False,False,True
PATH000009772,False,False,True
PATH000009934,False,False,True
PATH000006393,False,False,True
PATH000005345,False,False,True
PATH000009740,False,False,True
PATH000007640,False,False,True
PATH000001829,False,False,True
PATH000001912,False,False,True
PATH000001968,False,False,True
PATH000001983,False,False,True
PATH000001171,False,False,True
PATH000001185,False,False,True
PATH000012463,False,False,True
PATH000012464,False,False,True
PATH000009662,False,False,True
PATH000009983,False,False,True
PATH000001181,False,False,True
PATH000000990,False,False,True
PATH000001010,False,False,True
PATH000006662,False,False,True
PATH000009523,False,False,True
PATH000000391,False,False,True
PATH000000404,False,False,True
PATH000008120,False,False,True
PATH000008302,False,False,True
PATH000006916,False,False,True
PATH000006957,False,False,True
PATH000000350,False,False,True
PATH000001973,False,False,True
PATH000001976,False,False,True
PATH000000255,False,False,True
PATH000005965,False,False,True
PATH000006000,False,False,True
PATH000001771,False,False,True
PATH000001776,False,False,True
PATH000007974,False,False,True
PATH000007976,False,False,True
PATH000002764,False,False,True
PATH000003035,False,False,True
PATH000005094,False,False,True
PATH000009057,False,False,True
PATH000009273,False,False,True
PATH000000196,False,False,True
PATH000000217,False,False,True
PATH000012435,False,False,True
PATH000012550,False,False,True
PATH000008083,False,False,True
PATH000008389,False,False,True
PATH000013568,False,False,True
PATH000000475,False,False,True
PATH000000494,False,False,True
PATH000001199,False,False,True
PATH000004674,False,False,True
PATH000000112,False,False,True
PATH000001329,False,False,True
PATH000001344,False,False,True
PATH000000597,False,False,True
PATH000000598,False,False,True
PATH000000667,False,False,True
PATH000000752,False,False,True
PATH000000758,False,False,True
PATH000001141,False,False,True
PATH000001155,False,False,True
PATH000006727,False,False,True
PATH000000377,False,False,True
PATH000000406,False,False,True
PATH000006854,False,False,True
PATH000007013,False,False,True
PATH000000220,False,False,True
PATH000000265,False,False,True
PATH000006475,False,False,True
PATH000006161,False,False,True
PATH000002761,False,False,True
PATH000003121,False,False,True
PATH000002998,False,False,True
PATH000003227,False,False,True
PATH000000462,False,False,True
PATH000000490,False,False,True
PATH000001573,False,False,True
PATH000001591,False,False,True
PATH000002891,False,False,True
PATH000003230,False,False,True
PATH000001266,False,False,True
PATH000001294,False,False,True
PATH000000892,False,False,True
PATH000003321,False,False,True
PATH000003340,False,False,True
PATH000003363,False,False,True
PATH000003417,False,False,True
PATH000003581,False,False,True
PATH000001772,False,False,True
PATH000003409,False,False,True
PATH000003618,False,False,True
PATH000008235,False,False,True
PATH000012594,False,False,True
PATH000000728,False,False,True
PATH000008977,False,False,True
PATH000009191,False,False,True
PATH000004499,False,False,True
PATH000009565,False,False,True
PATH000009846,False,False,True
PATH000007119,False,False,True
PATH000007123,False,False,True
PATH000007256,False,False,True
PATH000008215,False,False,True
PATH000008383,False,False,True
PATH000009381,False,False,True
PATH000009412,False,False,True
PATH000000385,False,False,True
PATH000000386,False,False,True
PATH000000936,False,False,True
PATH000000940,False,False,True
PATH000001109,False,False,True
PATH000001126,False,False,True
PATH000009395,False,False,True
PATH000009754,False,False,True
PATH000004298,False,False,True
PATH000012720,False,False,True
PATH000011992,False,False,True
PATH000012374,False,False,True
PATH000006386,False,False,True
PATH000011628,False,False,True
PATH000005137,False,False,True
PATH000005235,False,False,True
PATH000005658,False,False,True
PATH000003558,False,False,True
PATH000008699,False,False,True
PATH000000946,False,False,True
PATH000000951,False,False,True
PATH000006549,False,False,True
PATH000006645,False,False,True
PATH000000488,False,False,True
PATH000008005,False,False,True
PATH000011658,False,False,True
PATH000011870,False,False,True
PATH000000544,False,False,True
PATH000009476,False,False,True
PATH000009638,False,False,True
PATH000000114,False,False,True
PATH000001831,False,False,True
PATH000001878,False,False,True
PATH000008442,False,False,True
PATH000007939,False,False,True
PATH000008403,False,False,True
PATH000002014,False,False,True
PATH000001113,False,False,True
PATH000001135,False,False,True
PATH000005740,False,False,True
PATH000009845,False,False,True
PATH000002627,False,False,True
PATH000002731,False,False,True
PATH000012075,False,False,True
PATH000012429,False,False,True
PATH000003927,False,False,True
PATH000004074,False,False,True
PATH000000002,False,False,True
PATH000007290,False,False,True
PATH000001382,False,False,True
PATH000001395,False,False,True
PATH000006345,False,False,True
PATH000000621,False,False,True
PATH000000632,False,False,True
PATH000000669,False,False,True
PATH000000868,False,False,True
PATH000006111,False,False,True
PATH000000397,False,False,True
PATH000009294,False,False,True
PATH000009359,False,False,True
PATH000005964,False,False,True
PATH000006032,False,False,True
PATH000000327,False,False,True
PATH000000329,False,False,True
PATH000009059,False,False,True
PATH000009188,False,False,True
PATH000012685,False,False,True
PATH000000699,False,False,True
PATH000009070,False,False,True
PATH000009185,False,False,True
PATH000000010,False,False,True
PATH000003895,False,False,True
PATH000002716,False,False,True
PATH000002978,False,False,True
PATH000009043,False,False,True
PATH000009184,False,False,True
PATH000012596,False,False,True
PATH000012629,False,False,True
PATH000000706,False,False,True
PATH000005107,False,False,True
PATH000005264,False,False,True
PATH000005684,False,False,True
PATH000005805,False,False,True
PATH000007026,False,False,True
PATH000007132,False,False,True
PATH000006232,False,False,True
PATH000006262,False,False,True
PATH000006573,False,False,True
PATH000011766,False,False,True
PATH000011810,False,False,True
PATH000011812,False,False,True
PATH000000338,False,False,True
PATH000000345,False,False,True
PATH000007027,False,False,True
PATH000009488,False,False,True
PATH000011909,False,False,True
PATH000012059,False,False,True
PATH000000741,False,False,True
