,train,val,test
PATH000009745,True,False,False
PATH000009462,True,False,False
PATH000009778,True,False,False
PATH000009604,True,False,False
PATH000009441,True,False,False
PATH000009523,True,False,False
PATH000009880,True,False,False
PATH000009442,True,False,False
PATH000009506,True,False,False
PATH000009933,True,False,False
PATH000009479,True,False,False
PATH000009900,True,False,False
PATH000009456,True,False,False
PATH000009945,True,False,False
PATH000009979,True,False,False
PATH000009881,True,False,False
PATH000009572,True,False,False
PATH000009883,True,False,False
PATH000009717,True,False,False
PATH000009871,True,False,False
PATH000009595,True,False,False
PATH000009528,True,False,False
PATH000009518,True,False,False
PATH000009457,True,False,False
PATH000009697,True,False,False
PATH000009940,True,False,False
PATH000009837,True,False,False
PATH000009449,True,False,False
PATH000009779,True,False,False
PATH000009520,True,False,False
PATH000009942,True,False,False
PATH000009614,True,False,False
PATH000009482,True,False,False
PATH000009844,True,False,False
PATH000009944,True,False,False
PATH000009503,True,False,False
PATH000009861,True,False,False
PATH000009934,True,False,False
PATH000009463,True,False,False
PATH000009894,True,False,False
PATH000009839,True,False,False
PATH000009987,True,False,False
PATH000009780,True,False,False
PATH000009412,True,False,False
PATH000009452,True,False,False
PATH000009714,True,False,False
PATH000009858,True,False,False
PATH000009943,True,False,False
PATH000009857,True,False,False
PATH000009967,True,False,False
PATH000009980,True,False,False
PATH000009552,True,False,False
PATH000009573,True,False,False
PATH000009432,True,False,False
PATH000009974,True,False,False
PATH000009382,True,False,False
PATH000009636,True,False,False
PATH000009633,True,False,False
PATH000009679,True,False,False
PATH000009676,True,False,False
PATH000009760,True,False,False
PATH000009678,True,False,False
PATH000009798,True,False,False
PATH000009976,True,False,False
PATH000009666,True,False,False
PATH000009702,True,False,False
PATH000009971,True,False,False
PATH000009725,True,False,False
PATH000009538,True,False,False
PATH000009657,True,False,False
PATH000009948,True,False,False
PATH000009693,True,False,False
PATH000009488,True,False,False
PATH000009654,True,False,False
PATH000009560,True,False,False
PATH000009756,True,False,False
PATH000009800,True,False,False
PATH000009414,True,False,False
PATH000009440,True,False,False
PATH000009502,True,False,False
PATH000009732,True,False,False
PATH000009419,True,False,False
PATH000009775,True,False,False
PATH000009367,True,False,False
PATH000009862,True,False,False
PATH000009366,True,False,False
PATH000004389,True,False,False
PATH000004879,True,False,False
PATH000009375,True,False,False
PATH000009797,True,False,False
PATH000009897,True,False,False
PATH000004768,True,False,False
PATH000004255,True,False,False
PATH000004435,True,False,False
PATH000004833,True,False,False
PATH000004917,True,False,False
PATH000004499,True,False,False
PATH000004674,True,False,False
PATH000004527,True,False,False
PATH000004711,True,False,False
PATH000004835,True,False,False
PATH000004778,True,False,False
PATH000004382,True,False,False
PATH000004638,True,False,False
PATH000004749,True,False,False
PATH000004968,True,False,False
PATH000004954,True,False,False
PATH000004305,True,False,False
PATH000004796,True,False,False
PATH000004867,True,False,False
PATH000004280,True,False,False
PATH000004463,True,False,False
PATH000004258,True,False,False
PATH000004529,True,False,False
PATH000004752,True,False,False
PATH000004288,True,False,False
PATH000004915,True,False,False
PATH000004417,True,False,False
PATH000004253,True,False,False
PATH000004332,True,False,False
PATH000004806,True,False,False
PATH000009547,True,False,False
PATH000009953,True,False,False
PATH000009848,True,False,False
PATH000009908,True,False,False
PATH000009616,True,False,False
PATH000009632,True,False,False
PATH000009623,True,False,False
PATH000009990,True,False,False
PATH000009939,True,False,False
PATH000009781,True,False,False
PATH000009549,True,False,False
PATH000009721,True,False,False
PATH000009453,True,False,False
PATH000004518,True,False,False
PATH000004716,True,False,False
PATH000004922,True,False,False
PATH000004328,True,False,False
PATH000009902,True,False,False
PATH000009427,True,False,False
PATH000009610,True,False,False
PATH000009740,True,False,False
PATH000009519,True,False,False
PATH000009533,True,False,False
PATH000009699,True,False,False
PATH000009557,True,False,False
PATH000009571,True,False,False
PATH000009951,True,False,False
PATH000009465,True,False,False
PATH000009545,True,False,False
PATH000009947,True,False,False
PATH000009729,True,False,False
PATH000009827,True,False,False
PATH000009459,True,False,False
PATH000009845,True,False,False
PATH000009922,True,False,False
PATH000009689,True,False,False
PATH000009832,True,False,False
PATH000009410,True,False,False
PATH000004430,True,False,False
PATH000009575,True,False,False
PATH000009630,True,False,False
PATH000009565,True,False,False
PATH000009846,True,False,False
PATH000009532,True,False,False
PATH000009466,True,False,False
PATH000009876,True,False,False
PATH000009774,True,False,False
PATH000009792,True,False,False
PATH000009507,True,False,False
PATH000009570,True,False,False
PATH000009492,True,False,False
PATH000002608,True,False,False
PATH000002999,True,False,False
PATH000003080,True,False,False
PATH000007570,True,False,False
PATH000002696,True,False,False
PATH000002802,True,False,False
PATH000003202,True,False,False
PATH000002824,True,False,False
PATH000001550,True,False,False
PATH000007685,True,False,False
PATH000007738,True,False,False
PATH000003894,True,False,False
PATH000002663,True,False,False
PATH000007430,True,False,False
PATH000002896,True,False,False
PATH000001732,True,False,False
PATH000002860,True,False,False
PATH000003212,True,False,False
PATH000002798,True,False,False
PATH000006855,True,False,False
PATH000008023,True,False,False
PATH000007471,True,False,False
PATH000007577,True,False,False
PATH000007727,True,False,False
PATH000008036,True,False,False
PATH000001733,True,False,False
PATH000002904,True,False,False
PATH000002777,True,False,False
PATH000007739,True,False,False
PATH000007994,True,False,False
PATH000006066,True,False,False
PATH000008042,True,False,False
PATH000001561,True,False,False
PATH000001708,True,False,False
PATH000003160,True,False,False
PATH000002793,True,False,False
PATH000003861,True,False,False
PATH000002600,True,False,False
PATH000002684,True,False,False
PATH000003049,True,False,False
PATH000003885,True,False,False
PATH000001724,True,False,False
PATH000003216,True,False,False
PATH000003234,True,False,False
PATH000002578,True,False,False
PATH000001711,True,False,False
PATH000002786,True,False,False
PATH000002949,True,False,False
PATH000006825,True,False,False
PATH000001730,True,False,False
PATH000007835,True,False,False
PATH000001721,True,False,False
PATH000001678,True,False,False
PATH000006822,True,False,False
PATH000003112,True,False,False
PATH000003869,True,False,False
PATH000007661,True,False,False
PATH000007880,True,False,False
PATH000001745,True,False,False
PATH000001698,True,False,False
PATH000006011,True,False,False
PATH000003878,True,False,False
PATH000007763,True,False,False
PATH000007849,True,False,False
PATH000007930,True,False,False
PATH000002641,True,False,False
PATH000001669,True,False,False
PATH000004032,True,False,False
PATH000001719,True,False,False
PATH000001537,True,False,False
PATH000001545,True,False,False
PATH000001723,True,False,False
PATH000003036,True,False,False
PATH000007864,True,False,False
PATH000007891,True,False,False
PATH000007943,True,False,False
PATH000006041,True,False,False
PATH000002836,True,False,False
PATH000002946,True,False,False
PATH000001695,True,False,False
PATH000007699,True,False,False
PATH000001664,True,False,False
PATH000003895,True,False,False
PATH000001748,True,False,False
PATH000001709,True,False,False
PATH000001702,True,False,False
PATH000002881,True,False,False
PATH000002827,True,False,False
PATH000001703,True,False,False
PATH000001744,True,False,False
PATH000001755,True,False,False
PATH000002956,True,False,False
PATH000002811,True,False,False
PATH000007507,True,False,False
PATH000002597,True,False,False
PATH000001687,True,False,False
PATH000007627,True,False,False
PATH000007881,True,False,False
PATH000003183,True,False,False
PATH000008040,True,False,False
PATH000001675,True,False,False
PATH000001743,True,False,False
PATH000008895,True,False,False
PATH000008970,True,False,False
PATH000009023,True,False,False
PATH000009076,True,False,False
PATH000006016,True,False,False
PATH000006081,True,False,False
PATH000004208,True,False,False
PATH000004213,True,False,False
PATH000004214,True,False,False
PATH000004211,True,False,False
PATH000008949,True,False,False
PATH000004219,True,False,False
PATH000009028,True,False,False
PATH000004223,True,False,False
PATH000004207,True,False,False
PATH000004212,True,False,False
PATH000008926,True,False,False
PATH000008937,True,False,False
PATH000004210,True,False,False
PATH000004220,True,False,False
PATH000009068,True,False,False
PATH000009270,True,False,False
PATH000004218,True,False,False
PATH000009044,True,False,False
PATH000009220,True,False,False
PATH000009158,True,False,False
PATH000009181,True,False,False
PATH000009009,True,False,False
PATH000009054,True,False,False
PATH000004232,True,False,False
PATH000009206,True,False,False
PATH000004238,True,False,False
PATH000008973,True,False,False
PATH000009065,True,False,False
PATH000004235,True,False,False
PATH000004242,True,False,False
PATH000005986,True,False,False
PATH000006052,True,False,False
PATH000008976,True,False,False
PATH000008908,True,False,False
PATH000004239,True,False,False
PATH000008920,True,False,False
PATH000008930,True,False,False
PATH000009115,True,False,False
PATH000009258,True,False,False
PATH000009070,True,False,False
PATH000009033,True,False,False
PATH000009179,True,False,False
PATH000009108,True,False,False
PATH000009163,True,False,False
PATH000009057,True,False,False
PATH000009273,True,False,False
PATH000009249,True,False,False
PATH000009080,True,False,False
PATH000004241,True,False,False
PATH000009255,True,False,False
PATH000009165,True,False,False
PATH000009125,True,False,False
PATH000004226,True,False,False
PATH000004228,True,False,False
PATH000004234,True,False,False
PATH000009082,True,False,False
PATH000009164,True,False,False
PATH000009211,True,False,False
PATH000008929,True,False,False
PATH000009093,True,False,False
PATH000009139,True,False,False
PATH000009198,True,False,False
PATH000009154,True,False,False
PATH000004230,True,False,False
PATH000004236,True,False,False
PATH000009010,True,False,False
PATH000009213,True,False,False
PATH000009147,True,False,False
PATH000009224,True,False,False
PATH000008987,True,False,False
PATH000009197,True,False,False
PATH000008972,True,False,False
PATH000009221,True,False,False
PATH000009074,True,False,False
PATH000009142,True,False,False
PATH000009086,True,False,False
PATH000009227,True,False,False
PATH000009231,True,False,False
PATH000008953,True,False,False
PATH000009131,True,False,False
PATH000008910,True,False,False
PATH000008957,True,False,False
PATH000009085,True,False,False
PATH000009109,True,False,False
PATH000009026,True,False,False
PATH000009267,True,False,False
PATH000008984,True,False,False
PATH000009234,True,False,False
PATH000009003,True,False,False
PATH000009004,True,False,False
PATH000009092,True,False,False
PATH000009013,True,False,False
PATH000009069,True,False,False
PATH000009148,True,False,False
PATH000008994,True,False,False
PATH000009043,True,False,False
PATH000009184,True,False,False
PATH000009263,True,False,False
PATH000009149,True,False,False
PATH000009152,True,False,False
PATH000008891,True,False,False
PATH000009018,True,False,False
PATH000009106,True,False,False
PATH000009130,True,False,False
PATH000008935,True,False,False
PATH000009247,True,False,False
PATH000009253,True,False,False
PATH000009271,True,False,False
PATH000008997,True,False,False
PATH000009274,True,False,False
PATH000009020,True,False,False
PATH000009190,True,False,False
PATH000008989,True,False,False
PATH000009133,True,False,False
PATH000009039,True,False,False
PATH000009256,True,False,False
PATH000009275,True,False,False
PATH000009145,True,False,False
PATH000009151,True,False,False
PATH000008905,True,False,False
PATH000009081,True,False,False
PATH000009187,True,False,False
PATH000008914,True,False,False
PATH000009110,True,False,False
PATH000008923,True,False,False
PATH000008952,True,False,False
PATH000008985,True,False,False
PATH000008883,True,False,False
PATH000009061,True,False,False
PATH000009257,True,False,False
PATH000008964,True,False,False
PATH000009037,True,False,False
PATH000009007,True,False,False
PATH000009169,True,False,False
PATH000009105,True,False,False
PATH000009264,True,False,False
PATH000008889,True,False,False
PATH000009107,True,False,False
PATH000008977,True,False,False
PATH000009191,True,False,False
PATH000008911,True,False,False
PATH000009233,True,False,False
PATH000009265,True,False,False
PATH000009025,True,False,False
PATH000009058,True,False,False
PATH000009021,True,False,False
PATH000009262,True,False,False
PATH000009178,True,False,False
PATH000009161,True,False,False
PATH000009129,True,False,False
PATH000009030,True,False,False
PATH000009071,True,False,False
PATH000008888,True,False,False
PATH000009012,True,False,False
PATH000009072,True,False,False
PATH000009269,True,False,False
PATH000009176,True,False,False
PATH000009225,True,False,False
PATH000008999,True,False,False
PATH000009268,True,False,False
PATH000009272,True,False,False
PATH000009246,True,False,False
PATH000008933,True,False,False
PATH000009248,True,False,False
PATH000008919,True,False,False
PATH000009144,True,False,False
PATH000008912,True,False,False
PATH000008916,True,False,False
PATH000009002,True,False,False
PATH000009251,True,False,False
PATH000008925,True,False,False
PATH000009236,True,False,False
PATH000008924,True,False,False
PATH000009101,True,False,False
PATH000009073,True,False,False
PATH000008931,True,False,False
PATH000009250,True,False,False
PATH000009134,True,False,False
PATH000008959,True,False,False
PATH000009199,True,False,False
PATH000008940,True,False,False
PATH000008897,True,False,False
PATH000008981,True,False,False
PATH000009059,True,False,False
PATH000009188,True,False,False
PATH000008887,True,False,False
PATH000008942,True,False,False
PATH000009077,True,False,False
PATH000009204,True,False,False
PATH000009153,True,False,False
PATH000009090,True,False,False
PATH000008896,True,False,False
PATH000009027,True,False,False
PATH000009116,True,False,False
PATH000009193,True,False,False
PATH000009097,True,False,False
PATH000009138,True,False,False
PATH000009136,True,False,False
PATH000009243,True,False,False
PATH000009196,True,False,False
PATH000009219,True,False,False
PATH000009024,True,False,False
PATH000008917,True,False,False
PATH000008902,True,False,False
PATH000009156,True,False,False
PATH000008878,True,False,False
PATH000009114,True,False,False
PATH000009084,True,False,False
PATH000009008,True,False,False
PATH000008947,True,False,False
PATH000009096,True,False,False
PATH000008948,True,False,False
PATH000009182,True,False,False
PATH000009230,True,False,False
PATH000008921,True,False,False
PATH000008900,True,False,False
PATH000009259,True,False,False
PATH000009104,True,False,False
PATH000009226,True,False,False
PATH000008950,True,False,False
PATH000009079,True,False,False
PATH000008998,True,False,False
PATH000009223,True,False,False
PATH000008996,True,False,False
PATH000009053,True,False,False
PATH000008954,True,False,False
PATH000009175,True,False,False
PATH000009207,True,False,False
PATH000009113,True,False,False
PATH000009186,True,False,False
PATH000008907,True,False,False
PATH000009111,True,False,False
PATH000008963,True,False,False
PATH000009119,True,False,False
PATH000003121,True,False,False
PATH000003191,True,False,False
PATH000003192,True,False,False
PATH000003136,True,False,False
PATH000002602,True,False,False
PATH000002667,True,False,False
PATH000002995,True,False,False
PATH000002930,True,False,False
PATH000002833,True,False,False
PATH000002996,True,False,False
PATH000002924,True,False,False
PATH000003203,True,False,False
PATH000003247,True,False,False
PATH000002841,True,False,False
PATH000003090,True,False,False
PATH000004686,True,False,False
PATH000003246,True,False,False
PATH000003033,True,False,False
PATH000003102,True,False,False
PATH000002820,True,False,False
PATH000002610,True,False,False
PATH000003012,True,False,False
PATH000002629,True,False,False
PATH000002604,True,False,False
PATH000002970,True,False,False
PATH000002671,True,False,False
PATH000003040,True,False,False
PATH000003093,True,False,False
PATH000002674,True,False,False
PATH000002951,True,False,False
PATH000002582,True,False,False
PATH000002981,True,False,False
PATH000003244,True,False,False
PATH000003166,True,False,False
PATH000003169,True,False,False
PATH000002804,True,False,False
PATH000002621,True,False,False
PATH000003024,True,False,False
PATH000003133,True,False,False
PATH000002716,True,False,False
PATH000002978,True,False,False
PATH000002891,True,False,False
PATH000003230,True,False,False
PATH000002710,True,False,False
PATH000002817,True,False,False
PATH000002834,True,False,False
PATH000002840,True,False,False
PATH000002769,True,False,False
PATH000004636,True,False,False
PATH000004728,True,False,False
PATH000002736,True,False,False
PATH000002857,True,False,False
PATH000002939,True,False,False
PATH000002627,True,False,False
PATH000002731,True,False,False
PATH000002880,True,False,False
PATH000002755,True,False,False
PATH000002673,True,False,False
PATH000002883,True,False,False
PATH000003215,True,False,False
PATH000003248,True,False,False
PATH000002947,True,False,False
PATH000003139,True,False,False
PATH000003046,True,False,False
PATH000002806,True,False,False
PATH000002717,True,False,False
PATH000002865,True,False,False
PATH000002876,True,False,False
PATH000003134,True,False,False
PATH000003194,True,False,False
PATH000003044,True,False,False
PATH000002874,True,False,False
PATH000003028,True,False,False
PATH000002644,True,False,False
PATH000003131,True,False,False
PATH000003098,True,False,False
PATH000002692,True,False,False
PATH000003129,True,False,False
PATH000002763,True,False,False
PATH000003196,True,False,False
PATH000002662,True,False,False
PATH000003210,True,False,False
PATH000003122,True,False,False
PATH000002932,True,False,False
PATH000003013,True,False,False
PATH000002864,True,False,False
PATH000003152,True,False,False
PATH000002921,True,False,False
PATH000002655,True,False,False
PATH000002886,True,False,False
PATH000002983,True,False,False
PATH000003241,True,False,False
PATH000002752,True,False,False
PATH000002729,True,False,False
PATH000003043,True,False,False
PATH000002635,True,False,False
PATH000003003,True,False,False
PATH000002591,True,False,False
PATH000002814,True,False,False
PATH000008677,True,False,False
PATH000002759,True,False,False
PATH000002851,True,False,False
PATH000002961,True,False,False
PATH000003053,True,False,False
PATH000008840,True,False,False
PATH000008457,True,False,False
PATH000008574,True,False,False
PATH000008454,True,False,False
PATH000008612,True,False,False
PATH000008717,True,False,False
PATH000008722,True,False,False
PATH000008688,True,False,False
PATH000008672,True,False,False
PATH000008570,True,False,False
PATH000008765,True,False,False
PATH000008639,True,False,False
PATH000008845,True,False,False
PATH000008727,True,False,False
PATH000008488,True,False,False
PATH000008576,True,False,False
PATH000008772,True,False,False
PATH000008601,True,False,False
PATH000008671,True,False,False
PATH000008593,True,False,False
PATH000008477,True,False,False
PATH000008798,True,False,False
PATH000008624,True,False,False
PATH000008673,True,False,False
PATH000008632,True,False,False
PATH000008703,True,False,False
PATH000008604,True,False,False
PATH000008860,True,False,False
PATH000008497,True,False,False
PATH000008690,True,False,False
PATH000008815,True,False,False
PATH000008582,True,False,False
PATH000008788,True,False,False
PATH000008801,True,False,False
PATH000008844,True,False,False
PATH000009287,True,False,False
PATH000009342,True,False,False
PATH000009289,True,False,False
PATH000009297,True,False,False
PATH000009319,True,False,False
PATH000009336,True,False,False
PATH000009344,True,False,False
PATH000009364,True,False,False
PATH000009288,True,False,False
PATH000009326,True,False,False
PATH000009294,True,False,False
PATH000009295,True,False,False
PATH000009348,True,False,False
PATH000009339,True,False,False
PATH000009305,True,False,False
PATH000009331,True,False,False
PATH000009292,True,False,False
PATH000009301,True,False,False
PATH000009313,True,False,False
PATH000009937,True,False,False
PATH000009965,True,False,False
PATH000009513,True,False,False
PATH000009849,True,False,False
PATH000009645,True,False,False
PATH000009692,True,False,False
PATH000009860,True,False,False
PATH000009658,True,False,False
PATH000009476,True,False,False
PATH000009638,True,False,False
PATH000009662,True,False,False
PATH000009983,True,False,False
PATH000009730,True,False,False
PATH000009785,True,False,False
PATH000009674,True,False,False
PATH000009986,True,False,False
PATH000009416,True,False,False
PATH000009836,True,False,False
PATH000002764,True,False,False
PATH000003035,True,False,False
PATH000002992,True,False,False
PATH000002652,True,False,False
PATH000004327,True,False,False
PATH000003061,True,False,False
PATH000002885,True,False,False
PATH000004784,True,False,False
PATH000004278,True,False,False
PATH000004905,True,False,False
PATH000004282,True,False,False
PATH000004958,True,False,False
PATH000004523,True,False,False
PATH000004759,True,False,False
PATH000004828,True,False,False
PATH000004394,True,False,False
PATH000002782,True,False,False
PATH000002890,True,False,False
PATH000002669,True,False,False
PATH000002927,True,False,False
PATH000002719,True,False,False
PATH000003223,True,False,False
PATH000003142,True,False,False
PATH000003249,True,False,False
PATH000002659,True,False,False
PATH000003151,True,False,False
PATH000003238,True,False,False
PATH000003165,True,False,False
PATH000003174,True,False,False
PATH000002902,True,False,False
PATH000008614,True,False,False
PATH000008650,True,False,False
PATH000008666,True,False,False
PATH000008578,True,False,False
PATH000008682,True,False,False
PATH000008661,True,False,False
PATH000008750,True,False,False
PATH000008468,True,False,False
PATH000008689,True,False,False
PATH000008809,True,False,False
PATH000008813,True,False,False
PATH000008830,True,False,False
PATH000008498,True,False,False
PATH000008493,True,False,False
PATH000008567,True,False,False
PATH000009417,True,False,False
PATH000009954,True,False,False
PATH000009644,True,False,False
PATH000009626,True,False,False
PATH000009652,True,False,False
PATH000009712,True,False,False
PATH000009669,True,False,False
PATH000009395,True,False,False
PATH000009473,True,False,False
PATH000009556,True,False,False
PATH000009782,True,False,False
PATH000009812,True,False,False
PATH000009439,True,False,False
PATH000009443,True,False,False
PATH000009766,True,False,False
PATH000012592,True,False,False
PATH000012772,True,False,False
PATH000013611,True,False,False
PATH000012685,True,False,False
PATH000005016,True,False,False
PATH000005731,True,False,False
PATH000001928,True,False,False
PATH000001964,True,False,False
PATH000001939,True,False,False
PATH000001953,True,False,False
PATH000001952,True,False,False
PATH000001954,True,False,False
PATH000001930,True,False,False
PATH000005844,True,False,False
PATH000005109,True,False,False
PATH000005929,True,False,False
PATH000006920,True,False,False
PATH000005271,True,False,False
PATH000001932,True,False,False
PATH000001825,True,False,False
PATH000001883,True,False,False
PATH000001852,True,False,False
PATH000001890,True,False,False
PATH000001892,True,False,False
PATH000001905,True,False,False
PATH000001969,True,False,False
PATH000001978,True,False,False
PATH000005183,True,False,False
PATH000005848,True,False,False
PATH000005013,True,False,False
PATH000005202,True,False,False
PATH000004994,True,False,False
PATH000012431,True,False,False
PATH000001486,True,False,False
PATH000001499,True,False,False
PATH000001511,True,False,False
PATH000001898,True,False,False
PATH000006860,True,False,False
PATH000006909,True,False,False
PATH000001850,True,False,False
PATH000001888,True,False,False
PATH000001473,True,False,False
PATH000001979,True,False,False
PATH000001991,True,False,False
PATH000001492,True,False,False
PATH000001528,True,False,False
PATH000001487,True,False,False
PATH000006916,True,False,False
PATH000006957,True,False,False
PATH000011896,True,False,False
PATH000005634,True,False,False
PATH000005534,True,False,False
PATH000005849,True,False,False
PATH000001923,True,False,False
PATH000002005,True,False,False
PATH000005113,True,False,False
PATH000005424,True,False,False
PATH000005103,True,False,False
PATH000005610,True,False,False
PATH000012408,True,False,False
PATH000001929,True,False,False
PATH000001940,True,False,False
PATH000005285,True,False,False
PATH000005304,True,False,False
PATH000006850,True,False,False
PATH000005342,True,False,False
PATH000005508,True,False,False
PATH000001841,True,False,False
PATH000001916,True,False,False
PATH000001464,True,False,False
PATH000001877,True,False,False
PATH000001853,True,False,False
PATH000001886,True,False,False
PATH000001885,True,False,False
PATH000001909,True,False,False
PATH000006829,True,False,False
PATH000006962,True,False,False
PATH000002008,True,False,False
PATH000001972,True,False,False
PATH000001974,True,False,False
PATH000005126,True,False,False
PATH000005656,True,False,False
PATH000001463,True,False,False
PATH000007003,True,False,False
PATH000006984,True,False,False
PATH000001970,True,False,False
PATH000001977,True,False,False
PATH000001990,True,False,False
PATH000001997,True,False,False
PATH000002001,True,False,False
PATH000001530,True,False,False
PATH000001503,True,False,False
PATH000001520,True,False,False
PATH000005011,True,False,False
PATH000005105,True,False,False
PATH000005694,True,False,False
PATH000005890,True,False,False
PATH000005272,True,False,False
PATH000005905,True,False,False
PATH000001840,True,False,False
PATH000001960,True,False,False
PATH000001933,True,False,False
PATH000001937,True,False,False
PATH000005255,True,False,False
PATH000001513,True,False,False
PATH000001521,True,False,False
PATH000001837,True,False,False
PATH000005504,True,False,False
PATH000005455,True,False,False
PATH000005687,True,False,False
PATH000005661,True,False,False
PATH000005761,True,False,False
PATH000005345,True,False,False
PATH000005359,True,False,False
PATH000005856,True,False,False
PATH000001418,True,False,False
PATH000001424,True,False,False
PATH000001450,True,False,False
PATH000001459,True,False,False
PATH000001868,True,False,False
PATH000001862,True,False,False
PATH000006976,True,False,False
PATH000007050,True,False,False
PATH000001866,True,False,False
PATH000001910,True,False,False
PATH000001897,True,False,False
PATH000001864,True,False,False
PATH000001915,True,False,False
PATH000001876,True,False,False
PATH000001919,True,False,False
PATH000001884,True,False,False
PATH000001891,True,False,False
PATH000001887,True,False,False
PATH000006999,True,False,False
PATH000006833,True,False,False
PATH000006902,True,False,False
PATH000001855,True,False,False
PATH000001878,True,False,False
PATH000005798,True,False,False
PATH000005923,True,False,False
PATH000006896,True,False,False
PATH000006863,True,False,False
PATH000006881,True,False,False
PATH000006942,True,False,False
PATH000006883,True,False,False
PATH000006955,True,False,False
PATH000001921,True,False,False
PATH000005186,True,False,False
PATH000005899,True,False,False
PATH000005009,True,False,False
PATH000001865,True,False,False
PATH000001908,True,False,False
PATH000002013,True,False,False
PATH000005751,True,False,False
PATH000005814,True,False,False
PATH000006821,True,False,False
PATH000006952,True,False,False
PATH000005399,True,False,False
PATH000001880,True,False,False
PATH000001914,True,False,False
PATH000001834,True,False,False
PATH000001848,True,False,False
PATH000001924,True,False,False
PATH000001517,True,False,False
PATH000001518,True,False,False
PATH000006867,True,False,False
PATH000006933,True,False,False
PATH000006919,True,False,False
PATH000002014,True,False,False
PATH000012280,True,False,False
PATH000001429,True,False,False
PATH000006854,True,False,False
PATH000007013,True,False,False
PATH000001869,True,False,False
PATH000001904,True,False,False
PATH000001849,True,False,False
PATH000001875,True,False,False
PATH000001872,True,False,False
PATH000001858,True,False,False
PATH000001903,True,False,False
PATH000005673,True,False,False
PATH000005647,True,False,False
PATH000006926,True,False,False
PATH000006951,True,False,False
PATH000005909,True,False,False
PATH000006819,True,False,False
PATH000006991,True,False,False
PATH000006912,True,False,False
PATH000006990,True,False,False
PATH000007008,True,False,False
PATH000007290,True,False,False
PATH000006887,True,False,False
PATH000006871,True,False,False
PATH000006987,True,False,False
PATH000005223,True,False,False
PATH000005743,True,False,False
PATH000005297,True,False,False
PATH000005481,True,False,False
PATH000005224,True,False,False
PATH000005532,True,False,False
PATH000005220,True,False,False
PATH000005344,True,False,False
PATH000005682,True,False,False
PATH000006830,True,False,False
PATH000006947,True,False,False
PATH000006932,True,False,False
PATH000006980,True,False,False
PATH000006840,True,False,False
PATH000005164,True,False,False
PATH000006940,True,False,False
PATH000001860,True,False,False
PATH000001867,True,False,False
PATH000005191,True,False,False
PATH000005907,True,False,False
PATH000001895,True,False,False
PATH000001917,True,False,False
PATH000005577,True,False,False
PATH000001524,True,False,False
PATH000001829,True,False,False
PATH000001912,True,False,False
PATH000005691,True,False,False
PATH000005163,True,False,False
PATH000005207,True,False,False
PATH000005771,True,False,False
PATH000005129,True,False,False
PATH000005449,True,False,False
PATH000001936,True,False,False
PATH000005189,True,False,False
PATH000005313,True,False,False
PATH000005030,True,False,False
PATH000007018,True,False,False
PATH000006918,True,False,False
PATH000006949,True,False,False
PATH000001943,True,False,False
PATH000006817,True,False,False
PATH000006917,True,False,False
PATH000006865,True,False,False
PATH000006923,True,False,False
PATH000001514,True,False,False
PATH000001523,True,False,False
PATH000001498,True,False,False
PATH000001508,True,False,False
PATH000001981,True,False,False
PATH000001507,True,False,False
PATH000001531,True,False,False
PATH000005462,True,False,False
PATH000006904,True,False,False
PATH000006941,True,False,False
PATH000001984,True,False,False
PATH000005275,True,False,False
PATH000005740,True,False,False
PATH000005933,True,False,False
PATH000006849,True,False,False
PATH000006903,True,False,False
PATH000001941,True,False,False
PATH000005022,True,False,False
PATH000005493,True,False,False
PATH000005779,True,False,False
PATH000006853,True,False,False
PATH000006915,True,False,False
PATH000007098,True,False,False
PATH000006925,True,False,False
PATH000007134,True,False,False
PATH000007191,True,False,False
PATH000006913,True,False,False
PATH000005545,True,False,False
PATH000005605,True,False,False
PATH000005622,True,False,False
PATH000005690,True,False,False
PATH000001983,True,False,False
PATH000001986,True,False,False
PATH000001973,True,False,False
PATH000006944,True,False,False
PATH000006820,True,False,False
PATH000001959,True,False,False
PATH000007287,True,False,False
PATH000007211,True,False,False
PATH000007103,True,False,False
PATH000007157,True,False,False
PATH000005430,True,False,False
PATH000001927,True,False,False
PATH000006838,True,False,False
PATH000006982,True,False,False
PATH000001951,True,False,False
PATH000006844,True,False,False
PATH000006978,True,False,False
PATH000007007,True,False,False
PATH000004254,True,False,False
PATH000003672,True,False,False
PATH000004034,True,False,False
PATH000003774,True,False,False
PATH000003977,True,False,False
PATH000003942,True,False,False
PATH000003978,True,False,False
PATH000004019,True,False,False
PATH000004270,True,False,False
PATH000005135,True,False,False
PATH000005233,True,False,False
PATH000005722,True,False,False
PATH000005807,True,False,False
PATH000007278,True,False,False
PATH000007057,True,False,False
PATH000007612,True,False,False
PATH000008393,True,False,False
PATH000007978,True,False,False
PATH000009761,True,False,False
PATH000008811,True,False,False
PATH000008294,True,False,False
PATH000008429,True,False,False
PATH000003780,True,False,False
PATH000003958,True,False,False
PATH000003745,True,False,False
PATH000004002,True,False,False
PATH000003773,True,False,False
PATH000004826,True,False,False
PATH000007201,True,False,False
PATH000004478,True,False,False
PATH000004695,True,False,False
PATH000005559,True,False,False
PATH000005812,True,False,False
PATH000005217,True,False,False
PATH000007086,True,False,False
PATH000007495,True,False,False
PATH000007319,True,False,False
PATH000007487,True,False,False
PATH000007433,True,False,False
PATH000008372,True,False,False
PATH000007678,True,False,False
PATH000003950,True,False,False
PATH000004089,True,False,False
PATH000004142,True,False,False
PATH000004003,True,False,False
PATH000004071,True,False,False
PATH000004831,True,False,False
PATH000005876,True,False,False
PATH000007490,True,False,False
PATH000008076,True,False,False
PATH000008240,True,False,False
PATH000008054,True,False,False
PATH000008135,True,False,False
PATH000008308,True,False,False
PATH000008373,True,False,False
PATH000008408,True,False,False
PATH000008600,True,False,False
PATH000009770,True,False,False
PATH000003819,True,False,False
PATH000003934,True,False,False
PATH000003726,True,False,False
PATH000003753,True,False,False
PATH000003701,True,False,False
PATH000003712,True,False,False
PATH000004491,True,False,False
PATH000005282,True,False,False
PATH000005536,True,False,False
PATH000005728,True,False,False
PATH000004639,True,False,False
PATH000005896,True,False,False
PATH000007572,True,False,False
PATH000005870,True,False,False
PATH000005947,True,False,False
PATH000005995,True,False,False
PATH000006029,True,False,False
PATH000007438,True,False,False
PATH000007492,True,False,False
PATH000008075,True,False,False
PATH000008440,True,False,False
PATH000009512,True,False,False
PATH000007645,True,False,False
PATH000007788,True,False,False
PATH000003695,True,False,False
PATH000004181,True,False,False
PATH000005730,True,False,False
PATH000005038,True,False,False
PATH000005684,True,False,False
PATH000007427,True,False,False
PATH000007638,True,False,False
PATH000007911,True,False,False
PATH000007310,True,False,False
PATH000007502,True,False,False
PATH000007733,True,False,False
PATH000007718,True,False,False
PATH000007826,True,False,False
PATH000007956,True,False,False
PATH000008403,True,False,False
PATH000008836,True,False,False
PATH000009982,True,False,False
PATH000007452,True,False,False
PATH000007501,True,False,False
PATH000007819,True,False,False
PATH000007844,True,False,False
PATH000008245,True,False,False
PATH000005290,True,False,False
PATH000005937,True,False,False
PATH000005985,True,False,False
PATH000006085,True,False,False
PATH000007123,True,False,False
PATH000004202,True,False,False
PATH000007551,True,False,False
PATH000007390,True,False,False
PATH000004396,True,False,False
PATH000004456,True,False,False
PATH000004524,True,False,False
PATH000004446,True,False,False
PATH000004707,True,False,False
PATH000004726,True,False,False
PATH000005683,True,False,False
PATH000007289,True,False,False
PATH000007171,True,False,False
PATH000007681,True,False,False
PATH000007829,True,False,False
PATH000007854,True,False,False
PATH000009478,True,False,False
PATH000008780,True,False,False
PATH000009704,True,False,False
PATH000009426,True,False,False
PATH000008645,True,False,False
PATH000008747,True,False,False
PATH000009620,True,False,False
PATH000009962,True,False,False
PATH000009929,True,False,False
PATH000004098,True,False,False
PATH000004505,True,False,False
PATH000004649,True,False,False
PATH000004770,True,False,False
PATH000004939,True,False,False
PATH000004684,True,False,False
PATH000004496,True,False,False
PATH000004648,True,False,False
PATH000004353,True,False,False
PATH000005835,True,False,False
PATH000007187,True,False,False
PATH000007976,True,False,False
PATH000008699,True,False,False
PATH000004650,True,False,False
PATH000004393,True,False,False
PATH000004622,True,False,False
PATH000004724,True,False,False
PATH000004312,True,False,False
PATH000004625,True,False,False
PATH000004592,True,False,False
PATH000005935,True,False,False
PATH000007526,True,False,False
PATH000007321,True,False,False
PATH000007414,True,False,False
PATH000007462,True,False,False
PATH000007640,True,False,False
PATH000007886,True,False,False
PATH000008834,True,False,False
PATH000009938,True,False,False
PATH000008198,True,False,False
PATH000008496,True,False,False
PATH000008842,True,False,False
PATH000009578,True,False,False
PATH000004881,True,False,False
PATH000004265,True,False,False
PATH000004744,True,False,False
PATH000004423,True,False,False
PATH000004703,True,False,False
PATH000005394,True,False,False
PATH000005487,True,False,False
PATH000007090,True,False,False
PATH000007276,True,False,False
PATH000007919,True,False,False
PATH000007584,True,False,False
PATH000008000,True,False,False
PATH000008127,True,False,False
PATH000009651,True,False,False
PATH000003463,True,False,False
PATH000003495,True,False,False
PATH000003268,True,False,False
PATH000003387,True,False,False
PATH000003471,True,False,False
PATH000003460,True,False,False
PATH000003534,True,False,False
PATH000003304,True,False,False
PATH000003390,True,False,False
PATH000003296,True,False,False
PATH000003314,True,False,False
PATH000003357,True,False,False
PATH000003531,True,False,False
PATH000003353,True,False,False
PATH000003561,True,False,False
PATH000003337,True,False,False
PATH000001821,True,False,False
PATH000003272,True,False,False
PATH000003400,True,False,False
PATH000003461,True,False,False
PATH000003612,True,False,False
PATH000003305,True,False,False
PATH000003326,True,False,False
PATH000003366,True,False,False
PATH000003532,True,False,False
PATH000001781,True,False,False
PATH000003411,True,False,False
PATH000003478,True,False,False
PATH000003589,True,False,False
PATH000003252,True,False,False
PATH000003317,True,False,False
PATH000003349,True,False,False
PATH000003321,True,False,False
PATH000003340,True,False,False
PATH000003363,True,False,False
PATH000003254,True,False,False
PATH000003322,True,False,False
PATH000003520,True,False,False
PATH000003828,True,False,False
PATH000003290,True,False,False
PATH000003327,True,False,False
PATH000003301,True,False,False
PATH000003334,True,False,False
PATH000003382,True,False,False
PATH000003407,True,False,False
PATH000003596,True,False,False
PATH000003285,True,False,False
PATH000003325,True,False,False
PATH000003477,True,False,False
PATH000003491,True,False,False
PATH000003591,True,False,False
PATH000003396,True,False,False
PATH000003431,True,False,False
PATH000003479,True,False,False
PATH000001772,True,False,False
PATH000001599,True,False,False
PATH000001660,True,False,False
PATH000001457,True,False,False
PATH000001422,True,False,False
PATH000001421,True,False,False
PATH000001446,True,False,False
PATH000001433,True,False,False
PATH000001462,True,False,False
PATH000001629,True,False,False
PATH000001652,True,False,False
PATH000001621,True,False,False
PATH000001774,True,False,False
PATH000001765,True,False,False
PATH000001779,True,False,False
PATH000001601,True,False,False
PATH000001644,True,False,False
PATH000001769,True,False,False
PATH000001813,True,False,False
PATH000001784,True,False,False
PATH000001811,True,False,False
PATH000001771,True,False,False
PATH000001776,True,False,False
PATH000001582,True,False,False
PATH000001634,True,False,False
PATH000001580,True,False,False
PATH000001585,True,False,False
PATH000001802,True,False,False
PATH000001819,True,False,False
PATH000003639,True,False,False
PATH000001787,True,False,False
PATH000001593,True,False,False
PATH000001658,True,False,False
PATH000001661,True,False,False
PATH000001609,True,False,False
PATH000001632,True,False,False
PATH000001595,True,False,False
PATH000001650,True,False,False
PATH000001651,True,False,False
PATH000001583,True,False,False
PATH000001659,True,False,False
PATH000001574,True,False,False
PATH000001584,True,False,False
PATH000001592,True,False,False
PATH000001589,True,False,False
PATH000001627,True,False,False
PATH000001631,True,False,False
PATH000001645,True,False,False
PATH000001628,True,False,False
PATH000001649,True,False,False
PATH000001432,True,False,False
PATH000001460,True,False,False
PATH000001419,True,False,False
PATH000001467,True,False,False
PATH000001461,True,False,False
PATH000001428,True,False,False
PATH000001449,True,False,False
PATH000003530,True,False,False
PATH000003374,True,False,False
PATH000003434,True,False,False
PATH000003570,True,False,False
PATH000003578,True,False,False
PATH000003615,True,False,False
PATH000003364,True,False,False
PATH000003569,True,False,False
PATH000003580,True,False,False
PATH000003260,True,False,False
PATH000003393,True,False,False
PATH000003487,True,False,False
PATH000003529,True,False,False
PATH000003563,True,False,False
PATH000003579,True,False,False
PATH000003587,True,False,False
PATH000003595,True,False,False
PATH000003459,True,False,False
PATH000003549,True,False,False
PATH000003582,True,False,False
PATH000003341,True,False,False
PATH000003384,True,False,False
PATH000003428,True,False,False
PATH000003535,True,False,False
PATH000001785,True,False,False
PATH000001793,True,False,False
PATH000001820,True,False,False
PATH000001657,True,False,False
PATH000001427,True,False,False
PATH000001440,True,False,False
PATH000001455,True,False,False
PATH000001458,True,False,False
PATH000001420,True,False,False
PATH000001465,True,False,False
PATH000003331,True,False,False
PATH000003335,True,False,False
PATH000003369,True,False,False
PATH000003385,True,False,False
PATH000003445,True,False,False
PATH000003482,True,False,False
PATH000003594,True,False,False
PATH000003616,True,False,False
PATH000003497,True,False,False
PATH000003277,True,False,False
PATH000003332,True,False,False
PATH000003419,True,False,False
PATH000003421,True,False,False
PATH000003501,True,False,False
PATH000003543,True,False,False
PATH000003586,True,False,False
PATH000001572,True,False,False
PATH000001596,True,False,False
PATH000001619,True,False,False
PATH000001757,True,False,False
PATH000001778,True,False,False
PATH000001797,True,False,False
PATH000001789,True,False,False
PATH000003833,True,False,False
PATH000001444,True,False,False
PATH000001612,True,False,False
PATH000001625,True,False,False
PATH000001615,True,False,False
PATH000001638,True,False,False
PATH000001636,True,False,False
PATH000001647,True,False,False
PATH000001648,True,False,False
PATH000001573,True,False,False
PATH000001591,True,False,False
PATH000001431,True,False,False
PATH000001437,True,False,False
PATH000001575,True,False,False
PATH000001578,True,False,False
PATH000001818,True,False,False
PATH000001766,True,False,False
PATH000001792,True,False,False
PATH000001805,True,False,False
PATH000003257,True,False,False
PATH000001581,True,False,False
PATH000001602,True,False,False
PATH000001763,True,False,False
PATH000001800,True,False,False
PATH000001452,True,False,False
PATH000001626,True,False,False
PATH000001654,True,False,False
PATH000004111,True,False,False
PATH000004120,True,False,False
PATH000001777,True,False,False
PATH000001799,True,False,False
PATH000001791,True,False,False
PATH000001775,True,False,False
PATH000001796,True,False,False
PATH000004153,True,False,False
PATH000001620,True,False,False
PATH000001653,True,False,False
PATH000001579,True,False,False
PATH000001588,True,False,False
PATH000001607,True,False,False
PATH000001646,True,False,False
PATH000001618,True,False,False
PATH000002596,True,False,False
PATH000002704,True,False,False
PATH000001417,True,False,False
PATH000003383,True,False,False
PATH000003464,True,False,False
PATH000003330,True,False,False
PATH000003269,True,False,False
PATH000003310,True,False,False
PATH000003346,True,False,False
PATH000003372,True,False,False
PATH000003430,True,False,False
PATH000003554,True,False,False
PATH000003505,True,False,False
PATH000003575,True,False,False
PATH000003402,True,False,False
PATH000003475,True,False,False
PATH000003527,True,False,False
PATH000003540,True,False,False
PATH000003180,True,False,False
PATH000002588,True,False,False
PATH000002589,True,False,False
PATH000002916,True,False,False
PATH000002993,True,False,False
PATH000002603,True,False,False
PATH000002938,True,False,False
PATH000003025,True,False,False
PATH000003027,True,False,False
PATH000002754,True,False,False
PATH000002925,True,False,False
PATH000003842,True,False,False
PATH000005963,True,False,False
PATH000006009,True,False,False
PATH000006017,True,False,False
PATH000006044,True,False,False
PATH000005987,True,False,False
PATH000001448,True,False,False
PATH000001814,True,False,False
PATH000001474,True,False,False
PATH000001496,True,False,False
PATH000003576,True,False,False
PATH000003298,True,False,False
PATH000003336,True,False,False
PATH000003315,True,False,False
PATH000003538,True,False,False
PATH000003528,True,False,False
PATH000003541,True,False,False
PATH000003408,True,False,False
PATH000003283,True,False,False
PATH000003555,True,False,False
PATH000003404,True,False,False
PATH000003516,True,False,False
PATH000003413,True,False,False
PATH000003558,True,False,False
PATH000003504,True,False,False
PATH000003375,True,False,False
PATH000003571,True,False,False
PATH000003288,True,False,False
PATH000003481,True,False,False
PATH000003263,True,False,False
PATH000003410,True,False,False
PATH000003361,True,False,False
PATH000003513,True,False,False
PATH000003427,True,False,False
PATH000003456,True,False,False
PATH000003468,True,False,False
PATH000003511,True,False,False
PATH000003377,True,False,False
PATH000003562,True,False,False
PATH000003371,True,False,False
PATH000003488,True,False,False
PATH000003608,True,False,False
PATH000003316,True,False,False
PATH000003493,True,False,False
PATH000003376,True,False,False
PATH000003451,True,False,False
PATH000003496,True,False,False
PATH000003552,True,False,False
PATH000003437,True,False,False
PATH000003455,True,False,False
PATH000003280,True,False,False
PATH000003499,True,False,False
PATH000003544,True,False,False
PATH000003524,True,False,False
PATH000003507,True,False,False
PATH000003602,True,False,False
PATH000003409,True,False,False
PATH000003618,True,False,False
PATH000003299,True,False,False
PATH000003494,True,False,False
PATH000003590,True,False,False
PATH000003473,True,False,False
PATH000003502,True,False,False
PATH000003359,True,False,False
PATH000003467,True,False,False
PATH000003617,True,False,False
PATH000003338,True,False,False
PATH000003573,True,False,False
PATH000003453,True,False,False
PATH000003282,True,False,False
PATH000003297,True,False,False
PATH000003593,True,False,False
PATH000003350,True,False,False
PATH000003381,True,False,False
PATH000003274,True,False,False
PATH000003347,True,False,False
PATH000003547,True,False,False
PATH000003264,True,False,False
PATH000003270,True,False,False
PATH000003313,True,False,False
PATH000003546,True,False,False
PATH000003584,True,False,False
PATH000003536,True,False,False
PATH000003559,True,False,False
PATH000003323,True,False,False
PATH000003286,True,False,False
PATH000003417,True,False,False
PATH000003581,True,False,False
PATH000003454,True,False,False
PATH000003462,True,False,False
PATH000003469,True,False,False
PATH000003275,True,False,False
PATH000006092,True,False,False
PATH000003724,True,False,False
PATH000005956,True,False,False
PATH000006001,True,False,False
PATH000005996,True,False,False
PATH000006057,True,False,False
PATH000005159,True,False,False
PATH000005959,True,False,False
PATH000006082,True,False,False
PATH000003909,True,False,False
PATH000003963,True,False,False
PATH000003990,True,False,False
PATH000003418,True,False,False
PATH000003355,True,False,False
PATH000003401,True,False,False
PATH000003365,True,False,False
PATH000003406,True,False,False
PATH000003354,True,False,False
PATH000003291,True,False,False
PATH000003308,True,False,False
PATH000003458,True,False,False
PATH000003508,True,False,False
PATH000003251,True,False,False
PATH000003373,True,False,False
PATH000006042,True,False,False
PATH000006068,True,False,False
PATH000006095,True,False,False
PATH000006033,True,False,False
PATH000006088,True,False,False
PATH000003256,True,False,False
PATH000003433,True,False,False
PATH000003954,True,False,False
PATH000005964,True,False,False
PATH000006032,True,False,False
PATH000005954,True,False,False
PATH000006012,True,False,False
PATH000005938,True,False,False
PATH000006020,True,False,False
PATH000009404,True,False,False
PATH000009588,True,False,False
PATH000005960,True,False,False
PATH000006080,True,False,False
PATH000006089,True,False,False
PATH000005991,True,False,False
PATH000003939,True,False,False
PATH000004105,True,False,False
PATH000004074,True,False,False
PATH000003683,True,False,False
PATH000002989,True,False,False
PATH000002912,True,False,False
PATH000002974,True,False,False
PATH000003776,True,False,False
PATH000003805,True,False,False
PATH000003662,True,False,False
PATH000001786,True,False,False
PATH000001790,True,False,False
PATH000001810,True,False,False
PATH000001815,True,False,False
PATH000001816,True,False,False
PATH000003663,True,False,False
PATH000003708,True,False,False
PATH000001768,True,False,False
PATH000001804,True,False,False
PATH000003767,True,False,False
PATH000001606,True,False,False
PATH000001623,True,False,False
PATH000001472,True,False,False
PATH000001478,True,False,False
PATH000001490,True,False,False
PATH000001494,True,False,False
PATH000003825,True,False,False
PATH000001489,True,False,False
PATH000001493,True,False,False
PATH000001822,True,False,False
PATH000001475,True,False,False
PATH000001483,True,False,False
PATH000002784,True,False,False
PATH000003237,True,False,False
PATH000001485,True,False,False
PATH000001491,True,False,False
PATH000001760,True,False,False
PATH000001780,True,False,False
PATH000001798,True,False,False
PATH000001762,True,False,False
PATH000001812,True,False,False
PATH000008384,True,False,False
PATH000005972,True,False,False
PATH000005994,True,False,False
PATH000005395,True,False,False
PATH000005441,True,False,False
PATH000005369,True,False,False
PATH000005785,True,False,False
PATH000005021,True,False,False
PATH000005474,True,False,False
PATH000004988,True,False,False
PATH000005590,True,False,False
PATH000008182,True,False,False
PATH000008420,True,False,False
PATH000008343,True,False,False
PATH000008381,True,False,False
PATH000008378,True,False,False
PATH000008226,True,False,False
PATH000008449,True,False,False
PATH000008208,True,False,False
PATH000008436,True,False,False
PATH000008309,True,False,False
PATH000008355,True,False,False
PATH000008215,True,False,False
PATH000008383,True,False,False
PATH000008250,True,False,False
PATH000008445,True,False,False
PATH000008254,True,False,False
PATH000008278,True,False,False
PATH000003279,True,False,False
PATH000003422,True,False,False
PATH000003378,True,False,False
PATH000003484,True,False,False
PATH000003309,True,False,False
PATH000003485,True,False,False
PATH000003550,True,False,False
PATH000003605,True,False,False
PATH000003480,True,False,False
PATH000003273,True,False,False
PATH000003470,True,False,False
PATH000003599,True,False,False
PATH000003611,True,False,False
PATH000003512,True,False,False
PATH000003514,True,False,False
PATH000003391,True,False,False
PATH000003545,True,False,False
PATH000003356,True,False,False
PATH000003609,True,False,False
PATH000003278,True,False,False
PATH000003443,True,False,False
PATH000003506,True,False,False
PATH000003449,True,False,False
PATH000003483,True,False,False
PATH000003557,True,False,False
PATH000003503,True,False,False
PATH000003542,True,False,False
PATH000003362,True,False,False
PATH000003392,True,False,False
PATH000008270,True,False,False
PATH000008315,True,False,False
PATH000008150,True,False,False
PATH000008149,True,False,False
PATH000008180,True,False,False
PATH000008209,True,False,False
PATH000008363,True,False,False
PATH000003709,True,False,False
PATH000002772,True,False,False
PATH000002969,True,False,False
PATH000002889,True,False,False
PATH000003001,True,False,False
PATH000006024,True,False,False
PATH000006073,True,False,False
PATH000002799,True,False,False
PATH000003095,True,False,False
PATH000003721,True,False,False
PATH000003761,True,False,False
PATH000005945,True,False,False
PATH000005967,True,False,False
PATH000003836,True,False,False
PATH000003766,True,False,False
PATH000003688,True,False,False
PATH000003811,True,False,False
PATH000003734,True,False,False
PATH000003791,True,False,False
PATH000003835,True,False,False
PATH000005978,True,False,False
PATH000006030,True,False,False
PATH000003640,True,False,False
PATH000003817,True,False,False
PATH000003740,True,False,False
PATH000003782,True,False,False
PATH000003755,True,False,False
PATH000003768,True,False,False
PATH000005941,True,False,False
PATH000003659,True,False,False
PATH000003764,True,False,False
PATH000002658,True,False,False
PATH000002723,True,False,False
PATH000006098,True,False,False
PATH000002781,True,False,False
PATH000003108,True,False,False
PATH000003711,True,False,False
PATH000003752,True,False,False
PATH000006003,True,False,False
PATH000006035,True,False,False
PATH000005965,True,False,False
PATH000006000,True,False,False
PATH000005955,True,False,False
PATH000006043,True,False,False
PATH000006091,True,False,False
PATH000005969,True,False,False
PATH000006049,True,False,False
PATH000008347,True,False,False
PATH000008293,True,False,False
PATH000008412,True,False,False
PATH000008161,True,False,False
PATH000008203,True,False,False
PATH000008389,True,False,False
PATH000008268,True,False,False
PATH000008354,True,False,False
PATH000008120,True,False,False
PATH000008302,True,False,False
PATH000008138,True,False,False
PATH000008088,True,False,False
PATH000008228,True,False,False
PATH000008122,True,False,False
PATH000008367,True,False,False
PATH000006039,True,False,False
PATH000008222,True,False,False
PATH000008325,True,False,False
PATH000003732,True,False,False
PATH000005796,True,False,False
PATH000002580,True,False,False
PATH000002907,True,False,False
PATH000002843,True,False,False
PATH000003091,True,False,False
PATH000003071,True,False,False
PATH000003175,True,False,False
PATH000003799,True,False,False
PATH000005528,True,False,False
PATH000002931,True,False,False
PATH000003229,True,False,False
PATH000003137,True,False,False
PATH000002741,True,False,False
PATH000002757,True,False,False
PATH000002926,True,False,False
PATH000002976,True,False,False
PATH000002609,True,False,False
PATH000002624,True,False,False
PATH000002982,True,False,False
PATH000003010,True,False,False
PATH000002685,True,False,False
PATH000005335,True,False,False
PATH000005911,True,False,False
PATH000005139,True,False,False
PATH000005440,True,False,False
PATH000005695,True,False,False
PATH000005153,True,False,False
PATH000005196,True,False,False
PATH000005411,True,False,False
PATH000005010,True,False,False
PATH000005501,True,False,False
PATH000005518,True,False,False
PATH000005745,True,False,False
PATH000005875,True,False,False
PATH000005748,True,False,False
PATH000005774,True,False,False
PATH000005531,True,False,False
PATH000005826,True,False,False
PATH000005017,True,False,False
PATH000005119,True,False,False
PATH000005442,True,False,False
PATH000005547,True,False,False
PATH000005641,True,False,False
PATH000005496,True,False,False
PATH000005670,True,False,False
PATH000005732,True,False,False
PATH000005791,True,False,False
PATH000005795,True,False,False
PATH000005134,True,False,False
PATH000005861,True,False,False
PATH000005248,True,False,False
PATH000005151,True,False,False
PATH000005910,True,False,False
PATH000005102,True,False,False
PATH000005154,True,False,False
PATH000005171,True,False,False
PATH000005804,True,False,False
PATH000005091,True,False,False
PATH000005175,True,False,False
PATH000005784,True,False,False
PATH000005432,True,False,False
PATH000005887,True,False,False
PATH000005277,True,False,False
PATH000005752,True,False,False
PATH000005288,True,False,False
PATH000005595,True,False,False
PATH000005917,True,False,False
PATH000005066,True,False,False
PATH000005457,True,False,False
PATH000005235,True,False,False
PATH000005658,True,False,False
PATH000005056,True,False,False
PATH000005161,True,False,False
PATH000005241,True,False,False
PATH000005447,True,False,False
PATH000005072,True,False,False
PATH000005613,True,False,False
PATH000005924,True,False,False
PATH000005096,True,False,False
PATH000005542,True,False,False
PATH000005733,True,False,False
PATH000005065,True,False,False
PATH000005530,True,False,False
PATH000005537,True,False,False
PATH000005902,True,False,False
PATH000005169,True,False,False
PATH000005249,True,False,False
PATH000005293,True,False,False
PATH000005811,True,False,False
PATH000005803,True,False,False
PATH000006432,True,False,False
PATH000006429,True,False,False
PATH000006773,True,False,False
PATH000006271,True,False,False
PATH000006168,True,False,False
PATH000006707,True,False,False
PATH000006363,True,False,False
PATH000006563,True,False,False
PATH000006345,True,False,False
PATH000006119,True,False,False
PATH000006579,True,False,False
PATH000006131,True,False,False
PATH000006764,True,False,False
PATH000006474,True,False,False
PATH000006537,True,False,False
PATH000006630,True,False,False
PATH000007834,True,False,False
PATH000006575,True,False,False
PATH000006203,True,False,False
PATH000006571,True,False,False
PATH000006734,True,False,False
PATH000006290,True,False,False
PATH000006163,True,False,False
PATH000006241,True,False,False
PATH000006443,True,False,False
PATH000006636,True,False,False
PATH000006177,True,False,False
PATH000006227,True,False,False
PATH000006520,True,False,False
PATH000006221,True,False,False
PATH000006307,True,False,False
PATH000006362,True,False,False
PATH000006391,True,False,False
PATH000006558,True,False,False
PATH000006165,True,False,False
PATH000006383,True,False,False
PATH000006774,True,False,False
PATH000006144,True,False,False
PATH000006254,True,False,False
PATH000008762,True,False,False
PATH000007682,True,False,False
PATH000008104,True,False,False
PATH000006776,True,False,False
PATH000007694,True,False,False
PATH000006702,True,False,False
PATH000006339,True,False,False
PATH000006288,True,False,False
PATH000006668,True,False,False
PATH000006143,True,False,False
PATH000006439,True,False,False
PATH000006426,True,False,False
PATH000006506,True,False,False
PATH000006368,True,False,False
PATH000006674,True,False,False
PATH000006364,True,False,False
PATH000006667,True,False,False
PATH000006800,True,False,False
PATH000008816,True,False,False
PATH000008442,True,False,False
PATH000008823,True,False,False
PATH000006746,True,False,False
PATH000006788,True,False,False
PATH000006496,True,False,False
PATH000006501,True,False,False
PATH000006769,True,False,False
PATH000007700,True,False,False
PATH000006162,True,False,False
PATH000006556,True,False,False
PATH000006557,True,False,False
PATH000006549,True,False,False
PATH000006153,True,False,False
PATH000006176,True,False,False
PATH000006766,True,False,False
PATH000006728,True,False,False
PATH000008017,True,False,False
PATH000006336,True,False,False
PATH000006452,True,False,False
PATH000006357,True,False,False
PATH000006329,True,False,False
PATH000006278,True,False,False
PATH000007651,True,False,False
PATH000006139,True,False,False
PATH000006704,True,False,False
PATH000008098,True,False,False
PATH000006392,True,False,False
PATH000006161,True,False,False
PATH000006526,True,False,False
PATH000006201,True,False,False
PATH000006132,True,False,False
PATH000006553,True,False,False
PATH000006334,True,False,False
PATH000006690,True,False,False
PATH000008667,True,False,False
PATH000006137,True,False,False
PATH000006223,True,False,False
PATH000006797,True,False,False
PATH000006732,True,False,False
PATH000006621,True,False,False
PATH000006146,True,False,False
PATH000008761,True,False,False
PATH000006284,True,False,False
PATH000006418,True,False,False
PATH000008333,True,False,False
PATH000006625,True,False,False
PATH000006270,True,False,False
PATH000006744,True,False,False
PATH000006480,True,False,False
PATH000006525,True,False,False
PATH000006196,True,False,False
PATH000006706,True,False,False
PATH000006303,True,False,False
PATH000006584,True,False,False
PATH000006809,True,False,False
PATH000006638,True,False,False
PATH000006152,True,False,False
PATH000008649,True,False,False
PATH000006564,True,False,False
PATH000006182,True,False,False
PATH000006385,True,False,False
PATH000006401,True,False,False
PATH000006708,True,False,False
PATH000006681,True,False,False
PATH000006421,True,False,False
PATH000006118,True,False,False
PATH000006472,True,False,False
PATH000006514,True,False,False
PATH000006795,True,False,False
PATH000008785,True,False,False
PATH000006319,True,False,False
PATH000006593,True,False,False
PATH000006259,True,False,False
PATH000006130,True,False,False
PATH000006406,True,False,False
PATH000008048,True,False,False
PATH000006771,True,False,False
PATH000007027,True,False,False
PATH000006187,True,False,False
PATH000006235,True,False,False
PATH000008399,True,False,False
PATH000006631,True,False,False
PATH000006138,True,False,False
PATH000006445,True,False,False
PATH000006451,True,False,False
PATH000006109,True,False,False
PATH000006742,True,False,False
PATH000006531,True,False,False
PATH000008779,True,False,False
PATH000006114,True,False,False
PATH000006574,True,False,False
PATH000006330,True,False,False
PATH000006607,True,False,False
PATH000006393,True,False,False
PATH000008481,True,False,False
PATH000006428,True,False,False
PATH000006698,True,False,False
PATH000006150,True,False,False
PATH000006727,True,False,False
PATH000006475,True,False,False
PATH000006613,True,False,False
PATH000007980,True,False,False
PATH000007121,True,False,False
PATH000006671,True,False,False
PATH000006289,True,False,False
PATH000006492,True,False,False
PATH000008396,True,False,False
PATH000006662,True,False,False
PATH000006111,True,False,False
PATH000006232,True,False,False
PATH000006573,True,False,False
PATH000006660,True,False,False
PATH000006244,True,False,False
PATH000006402,True,False,False
PATH000006807,True,False,False
PATH000006386,True,False,False
PATH000006366,True,False,False
PATH000006684,True,False,False
PATH000006749,True,False,False
PATH000006666,True,False,False
PATH000008380,True,False,False
PATH000007249,True,False,False
PATH000006686,True,False,False
PATH000006279,True,False,False
PATH000006195,True,False,False
PATH000006296,True,False,False
PATH000006620,True,False,False
PATH000006595,True,False,False
PATH000006127,True,False,False
PATH000006499,True,False,False
PATH000008140,True,False,False
PATH000006791,True,False,False
PATH000006154,True,False,False
PATH000006236,True,False,False
PATH000006626,True,False,False
PATH000006523,True,False,False
PATH000006160,True,False,False
PATH000006550,True,False,False
PATH000006463,True,False,False
PATH000006522,True,False,False
PATH000008295,True,False,False
PATH000007802,True,False,False
PATH000007122,True,False,False
PATH000008257,True,False,False
PATH000008318,True,False,False
PATH000007023,True,False,False
PATH000008086,True,False,False
PATH000008238,True,False,False
PATH000008339,True,False,False
PATH000008430,True,False,False
PATH000008475,True,False,False
PATH000008854,True,False,False
PATH000009433,True,False,False
PATH000008109,True,False,False
PATH000006427,True,False,False
PATH000008467,True,False,False
PATH000007744,True,False,False
PATH000008282,True,False,False
PATH000007195,True,False,False
PATH000007081,True,False,False
PATH000008113,True,False,False
PATH000007701,True,False,False
PATH000008793,True,False,False
PATH000008005,True,False,False
PATH000007906,True,False,False
PATH000007025,True,False,False
PATH000008733,True,False,False
PATH000008873,True,False,False
PATH000008825,True,False,False
PATH000006151,True,False,False
PATH000008236,True,False,False
PATH000008774,True,False,False
PATH000007079,True,False,False
PATH000008710,True,False,False
PATH000008357,True,False,False
PATH000007728,True,False,False
PATH000008142,True,False,False
PATH000007768,True,False,False
PATH000007586,True,False,False
PATH000008651,True,False,False
PATH000008082,True,False,False
PATH000006156,True,False,False
PATH000008819,True,False,False
PATH000008190,True,False,False
PATH000008610,True,False,False
PATH000008326,True,False,False
PATH000009819,True,False,False
PATH000002642,True,False,False
PATH000001559,True,False,False
PATH000002957,True,False,False
PATH000002852,True,False,False
PATH000003103,True,False,False
PATH000007616,True,False,False
PATH000009218,True,False,False
PATH000009040,True,False,False
PATH000009202,True,False,False
PATH000009094,True,False,False
PATH000009174,True,False,False
PATH000009222,True,False,False
PATH000009100,True,False,False
PATH000002795,True,False,False
PATH000002905,True,False,False
PATH000002687,True,False,False
PATH000003078,True,False,False
PATH000003081,True,False,False
PATH000003206,True,False,False
PATH000002599,True,False,False
PATH000003148,True,False,False
PATH000002586,True,False,False
PATH000009824,True,False,False
PATH000002935,True,False,False
PATH000002771,True,False,False
PATH000001497,True,False,False
PATH000005821,True,False,False
PATH000005215,True,False,False
PATH000005166,True,False,False
PATH000005702,True,False,False
PATH000005008,True,False,False
PATH000005063,True,False,False
PATH000005112,True,False,False
PATH000005765,True,False,False
PATH000005936,True,False,False
PATH000005587,True,False,False
PATH000005649,True,False,False
PATH000005558,True,False,False
PATH000005024,True,False,False
PATH000005280,True,False,False
PATH000005692,True,False,False
PATH000005583,True,False,False
PATH000005626,True,False,False
PATH000006843,True,False,False
PATH000005226,True,False,False
PATH000005793,True,False,False
PATH000005034,True,False,False
PATH000005594,True,False,False
PATH000005889,True,False,False
PATH000005208,True,False,False
PATH000005823,True,False,False
PATH000005343,True,False,False
PATH000005832,True,False,False
PATH000005645,True,False,False
PATH000007257,True,False,False
PATH000005412,True,False,False
PATH000005815,True,False,False
PATH000005895,True,False,False
PATH000003976,True,False,False
PATH000004811,True,False,False
PATH000003969,True,False,False
PATH000003992,True,False,False
PATH000004197,True,False,False
PATH000003979,True,False,False
PATH000004106,True,False,False
PATH000004261,True,False,False
PATH000004863,True,False,False
PATH000004911,True,False,False
PATH000004318,True,False,False
PATH000004062,True,False,False
PATH000004177,True,False,False
PATH000003899,True,False,False
PATH000004000,True,False,False
PATH000004124,True,False,False
PATH000004776,True,False,False
PATH000003660,True,False,False
PATH000003848,True,False,False
PATH000003844,True,False,False
PATH000004085,True,False,False
PATH000004175,True,False,False
PATH000003716,True,False,False
PATH000004035,True,False,False
PATH000003729,True,False,False
PATH000003635,True,False,False
PATH000004122,True,False,False
PATH000004688,True,False,False
PATH000004647,True,False,False
PATH000004323,True,False,False
PATH000004942,True,False,False
PATH000004955,True,False,False
PATH000007793,True,False,False
PATH000007371,True,False,False
PATH000007705,True,False,False
PATH000007851,True,False,False
PATH000008461,True,False,False
PATH000003910,True,False,False
PATH000004100,True,False,False
PATH000004066,True,False,False
PATH000004022,True,False,False
PATH000004013,True,False,False
PATH000004190,True,False,False
PATH000003692,True,False,False
PATH000003629,True,False,False
PATH000003731,True,False,False
PATH000004791,True,False,False
PATH000003633,True,False,False
PATH000004140,True,False,False
PATH000003795,True,False,False
PATH000003807,True,False,False
PATH000004184,True,False,False
PATH000004164,True,False,False
PATH000004068,True,False,False
PATH000004077,True,False,False
PATH000004494,True,False,False
PATH000004405,True,False,False
PATH000004598,True,False,False
PATH000004593,True,False,False
PATH000005466,True,False,False
PATH000008070,True,False,False
PATH000007388,True,False,False
PATH000007646,True,False,False
PATH000008266,True,False,False
PATH000008335,True,False,False
PATH000008172,True,False,False
PATH000003781,True,False,False
PATH000003691,True,False,False
PATH000003760,True,False,False
PATH000003810,True,False,False
PATH000004119,True,False,False
PATH000003621,True,False,False
PATH000003646,True,False,False
PATH000003940,True,False,False
PATH000003704,True,False,False
PATH000003710,True,False,False
PATH000003756,True,False,False
PATH000003637,True,False,False
PATH000003703,True,False,False
PATH000003714,True,False,False
PATH000003818,True,False,False
PATH000004094,True,False,False
PATH000004136,True,False,False
PATH000004043,True,False,False
PATH000004064,True,False,False
PATH000004104,True,False,False
PATH000004857,True,False,False
PATH000004488,True,False,False
PATH000004409,True,False,False
PATH000004910,True,False,False
PATH000005305,True,False,False
PATH000007671,True,False,False
PATH000007965,True,False,False
PATH000008184,True,False,False
PATH000008307,True,False,False
PATH000003717,True,False,False
PATH000003971,True,False,False
PATH000004042,True,False,False
PATH000004144,True,False,False
PATH000003796,True,False,False
PATH000003904,True,False,False
PATH000004176,True,False,False
PATH000004072,True,False,False
PATH000003914,True,False,False
PATH000004015,True,False,False
PATH000004192,True,False,False
PATH000004200,True,False,False
PATH000003941,True,False,False
PATH000004534,True,False,False
PATH000004900,True,False,False
PATH000005130,True,False,False
PATH000004610,True,False,False
PATH000005903,True,False,False
PATH000007687,True,False,False
PATH000007491,True,False,False
PATH000006076,True,False,False
PATH000007474,True,False,False
PATH000008276,True,False,False
PATH000007775,True,False,False
PATH000008092,True,False,False
PATH000003665,True,False,False
PATH000003905,True,False,False
PATH000004146,True,False,False
PATH000004827,True,False,False
PATH000004766,True,False,False
PATH000007062,True,False,False
PATH000004921,True,False,False
PATH000005234,True,False,False
PATH000007760,True,False,False
PATH000007933,True,False,False
PATH000005195,True,False,False
PATH000005276,True,False,False
PATH000005070,True,False,False
PATH000007476,True,False,False
PATH000007910,True,False,False
PATH000007304,True,False,False
PATH000007351,True,False,False
PATH000008151,True,False,False
PATH000007946,True,False,False
PATH000007983,True,False,False
PATH000008044,True,False,False
PATH000007939,True,False,False
PATH000008431,True,False,False
PATH000009537,True,False,False
PATH000009875,True,False,False
PATH000004421,True,False,False
PATH000004852,True,False,False
PATH000005273,True,False,False
PATH000005254,True,False,False
PATH000005132,True,False,False
PATH000007117,True,False,False
PATH000007373,True,False,False
PATH000007499,True,False,False
PATH000007547,True,False,False
PATH000004729,True,False,False
PATH000003964,True,False,False
PATH000003987,True,False,False
PATH000004056,True,False,False
PATH000003962,True,False,False
PATH000004458,True,False,False
PATH000004974,True,False,False
PATH000004979,True,False,False
PATH000004453,True,False,False
PATH000004444,True,False,False
PATH000005557,True,False,False
PATH000005579,True,False,False
PATH000005627,True,False,False
PATH000007267,True,False,False
PATH000007711,True,False,False
PATH000009853,True,False,False
PATH000009694,True,False,False
PATH000009877,True,False,False
PATH000004113,True,False,False
PATH000004854,True,False,False
PATH000004701,True,False,False
PATH000004455,True,False,False
PATH000004978,True,False,False
PATH000005606,True,False,False
PATH000004425,True,False,False
PATH000004946,True,False,False
PATH000005478,True,False,False
PATH000005576,True,False,False
PATH000005820,True,False,False
PATH000007974,True,False,False
PATH000004162,True,False,False
PATH000004168,True,False,False
PATH000003929,True,False,False
PATH000004751,True,False,False
PATH000004461,True,False,False
PATH000004700,True,False,False
PATH000004511,True,False,False
PATH000004519,True,False,False
PATH000004609,True,False,False
PATH000004836,True,False,False
PATH000004468,True,False,False
PATH000004936,True,False,False
PATH000005435,True,False,False
PATH000005943,True,False,False
PATH000007625,True,False,False
PATH000005674,True,False,False
PATH000005443,True,False,False
PATH000005317,True,False,False
PATH000008107,True,False,False
PATH000008814,True,False,False
PATH000008035,True,False,False
PATH000009515,True,False,False
PATH000004637,True,False,False
PATH000004398,True,False,False
PATH000003961,True,False,False
PATH000004024,True,False,False
PATH000004574,True,False,False
PATH000004870,True,False,False
PATH000005080,True,False,False
PATH000005535,True,False,False
PATH000009516,True,False,False
PATH000008691,True,False,False
PATH000006309,True,False,False
PATH000006237,True,False,False
PATH000006291,True,False,False
PATH000006560,True,False,False
PATH000006315,True,False,False
PATH000006372,True,False,False
PATH000008663,True,False,False
PATH000008464,True,False,False
PATH000006627,True,False,False
PATH000006120,True,False,False
PATH000008258,True,False,False
PATH000006423,True,False,False
PATH000006517,True,False,False
PATH000006532,True,False,False
PATH000008173,True,False,False
PATH000006585,True,False,False
PATH000007792,True,False,False
PATH000006748,True,False,False
PATH000006453,True,False,False
PATH000006583,True,False,False
PATH000008081,True,False,False
PATH000006230,True,False,False
PATH000006170,True,False,False
PATH000006779,True,False,False
PATH000006487,True,False,False
PATH000006268,True,False,False
PATH000006275,True,False,False
PATH000008751,True,False,False
PATH000006377,True,False,False
PATH000006659,True,False,False
PATH000007799,True,False,False
PATH000008310,True,False,False
PATH000006415,True,False,False
PATH000006643,True,False,False
PATH000006446,True,False,False
PATH000006214,True,False,False
PATH000006262,True,False,False
PATH000006598,True,False,False
PATH000006430,True,False,False
PATH000006513,True,False,False
PATH000006213,True,False,False
PATH000006611,True,False,False
PATH000006609,True,False,False
PATH000006459,True,False,False
PATH000008087,True,False,False
PATH000008725,True,False,False
PATH000008286,True,False,False
PATH000007636,True,False,False
PATH000008095,True,False,False
PATH000008617,True,False,False
PATH000008018,True,False,False
PATH000006185,True,False,False
PATH000008159,True,False,False
PATH000006502,True,False,False
PATH000008179,True,False,False
PATH000008877,True,False,False
PATH000008259,True,False,False
PATH000008139,True,False,False
PATH000008462,True,False,False
PATH000008810,True,False,False
PATH000008591,True,False,False
PATH000008686,True,False,False
PATH000007615,True,False,False
PATH000006398,True,False,False
PATH000007149,True,False,False
PATH000007227,True,False,False
PATH000007225,True,False,False
PATH000008736,True,False,False
PATH000008837,True,False,False
PATH000007112,True,False,False
PATH000008669,True,False,False
PATH000007262,True,False,False
PATH000008718,True,False,False
PATH000008221,True,False,False
PATH000008248,True,False,False
PATH000007889,True,False,False
PATH000008317,True,False,False
PATH000007209,True,False,False
PATH000007283,True,False,False
PATH000007100,True,False,False
PATH000007179,True,False,False
PATH000008697,True,False,False
PATH000008759,True,False,False
PATH000009605,True,False,False
PATH000009895,True,False,False
PATH000009869,True,False,False
PATH000009514,True,False,False
PATH000009927,True,False,False
PATH000009524,True,False,False
PATH000009696,True,False,False
PATH000009389,True,False,False
PATH000009408,True,False,False
PATH000009829,True,False,False
PATH000009368,True,False,False
PATH000009418,True,False,False
PATH000009378,True,False,False
PATH000009866,True,False,False
PATH000009949,True,False,False
PATH000009646,True,False,False
PATH000009734,True,False,False
PATH000009448,True,False,False
PATH000009635,True,False,False
PATH000004935,True,False,False
PATH000009691,True,False,False
PATH000009703,True,False,False
PATH000009816,True,False,False
PATH000009583,True,False,False
PATH000009469,True,False,False
PATH000009788,True,False,False
PATH000009639,True,False,False
PATH000009847,True,False,False
PATH000009695,True,False,False
PATH000009686,True,False,False
PATH000009379,True,False,False
PATH000003220,True,False,False
PATH000003173,True,False,False
PATH000001684,True,False,False
PATH000007871,True,False,False
PATH000003190,True,False,False
PATH000003004,True,False,False
PATH000001706,True,False,False
PATH000002623,True,False,False
PATH000006075,True,False,False
PATH000001552,True,False,False
PATH000002909,True,False,False
PATH000001535,True,False,False
PATH000004044,True,False,False
PATH000003926,True,False,False
PATH000003186,True,False,False
PATH000003865,True,False,False
PATH000004025,True,False,False
PATH000003228,True,False,False
PATH000001564,True,False,False
PATH000009124,True,False,False
PATH000009140,True,False,False
PATH000008913,True,False,False
PATH000008893,True,False,False
PATH000004231,True,False,False
PATH000009031,True,False,False
PATH000009000,True,False,False
PATH000009217,True,False,False
PATH000009241,True,False,False
PATH000009185,True,False,False
PATH000009117,True,False,False
PATH000008880,True,False,False
PATH000004237,True,False,False
PATH000008892,True,False,False
PATH000009122,True,False,False
PATH000009015,True,False,False
PATH000004224,True,False,False
PATH000008990,True,False,False
PATH000009266,True,False,False
PATH000008928,True,False,False
PATH000009046,True,False,False
PATH000009005,True,False,False
PATH000008991,True,False,False
PATH000009183,True,False,False
PATH000008978,True,False,False
PATH000009055,True,False,False
PATH000009060,True,False,False
PATH000008974,True,False,False
PATH000009162,True,False,False
PATH000008992,True,False,False
PATH000009276,True,False,False
PATH000008939,True,False,False
PATH000009192,True,False,False
PATH000009066,True,False,False
PATH000009159,True,False,False
PATH000008918,True,False,False
PATH000009087,True,False,False
PATH000008982,True,False,False
PATH000009041,True,False,False
PATH000009195,True,False,False
PATH000009064,True,False,False
PATH000009001,True,False,False
PATH000008960,True,False,False
PATH000008894,True,False,False
PATH000008938,True,False,False
PATH000009099,True,False,False
PATH000009155,True,False,False
PATH000009232,True,False,False
PATH000009047,True,False,False
PATH000002761,True,False,False
PATH000002812,True,False,False
PATH000003141,True,False,False
PATH000002683,True,False,False
PATH000002875,True,False,False
PATH000002637,True,False,False
PATH000003009,True,False,False
PATH000002648,True,False,False
PATH000002660,True,False,False
PATH000003205,True,False,False
PATH000002760,True,False,False
PATH000002826,True,False,False
PATH000003187,True,False,False
PATH000002753,True,False,False
PATH000003243,True,False,False
PATH000002791,True,False,False
PATH000002869,True,False,False
PATH000003204,True,False,False
PATH000003227,True,False,False
PATH000002735,True,False,False
PATH000002634,True,False,False
PATH000002878,True,False,False
PATH000002882,True,False,False
PATH000002714,True,False,False
PATH000003218,True,False,False
PATH000003110,True,False,False
PATH000002858,True,False,False
PATH000003226,True,False,False
PATH000003002,True,False,False
PATH000004474,True,False,False
PATH000003242,True,False,False
PATH000002686,True,False,False
PATH000003235,True,False,False
PATH000002618,True,False,False
PATH000002923,True,False,False
PATH000003200,True,False,False
PATH000003020,True,False,False
PATH000002805,True,False,False
PATH000003221,True,False,False
PATH000002959,True,False,False
PATH000008721,True,False,False
PATH000008678,True,False,False
PATH000008869,True,False,False
PATH000008748,True,False,False
PATH000008568,True,False,False
PATH000009318,True,False,False
PATH000009345,True,False,False
PATH000009643,True,False,False
PATH000009851,True,False,False
PATH000009475,True,False,False
PATH000002810,True,False,False
PATH000004952,True,False,False
PATH000004928,True,False,False
PATH000004535,True,False,False
PATH000002821,True,False,False
PATH000002964,True,False,False
PATH000008491,True,False,False
PATH000003070,True,False,False
PATH000003074,True,False,False
PATH000002706,True,False,False
PATH000002649,True,False,False
PATH000008716,True,False,False
PATH000008613,True,False,False
PATH000008655,True,False,False
PATH000008858,True,False,False
PATH000008812,True,False,False
PATH000009499,True,False,False
PATH000009815,True,False,False
PATH000009396,True,False,False
PATH000012104,True,False,False
PATH000001957,True,False,False
PATH000005438,True,False,False
PATH000011948,True,False,False
PATH000001950,True,False,False
PATH000001918,True,False,False
PATH000005643,True,False,False
PATH000012476,True,False,False
PATH000001529,True,False,False
PATH000012325,True,False,False
PATH000001510,True,False,False
PATH000002000,True,False,False
PATH000002006,True,False,False
PATH000005502,True,False,False
PATH000005194,True,False,False
PATH000001942,True,False,False
PATH000001944,True,False,False
PATH000001996,True,False,False
PATH000006965,True,False,False
PATH000012066,True,False,False
PATH000001438,True,False,False
PATH000006993,True,False,False
PATH000011898,True,False,False
PATH000001946,True,False,False
PATH000001955,True,False,False
PATH000005051,True,False,False
PATH000005482,True,False,False
PATH000005931,True,False,False
PATH000001434,True,False,False
PATH000001843,True,False,False
PATH000006862,True,False,False
PATH000005916,True,False,False
PATH000006985,True,False,False
PATH000005106,True,False,False
PATH000001907,True,False,False
PATH000001859,True,False,False
PATH000005492,True,False,False
PATH000005819,True,False,False
PATH000006847,True,False,False
PATH000011518,True,False,False
PATH000005646,True,False,False
PATH000005541,True,False,False
PATH000005044,True,False,False
PATH000001962,True,False,False
PATH000005338,True,False,False
PATH000005604,True,False,False
PATH000006866,True,False,False
PATH000001956,True,False,False
PATH000001987,True,False,False
PATH000013530,True,False,False
PATH000001992,True,False,False
PATH000005020,True,False,False
PATH000005003,True,False,False
PATH000006988,True,False,False
PATH000005825,True,False,False
PATH000001998,True,False,False
PATH000002003,True,False,False
PATH000001976,True,False,False
PATH000002002,True,False,False
PATH000006882,True,False,False
PATH000001949,True,False,False
PATH000007044,True,False,False
PATH000007235,True,False,False
PATH000005500,True,False,False
PATH000001961,True,False,False
PATH000001975,True,False,False
PATH000003991,True,False,False
PATH000004082,True,False,False
PATH000004606,True,False,False
PATH000004095,True,False,False
PATH000004508,True,False,False
PATH000003916,True,False,False
PATH000004779,True,False,False
PATH000004795,True,False,False
PATH000004930,True,False,False
PATH000003933,True,False,False
PATH000003993,True,False,False
PATH000004088,True,False,False
PATH000004017,True,False,False
PATH000003794,True,False,False
PATH000003784,True,False,False
PATH000004029,True,False,False
PATH000004821,True,False,False
PATH000004340,True,False,False
PATH000004414,True,False,False
PATH000004307,True,False,False
PATH000004403,True,False,False
PATH000005374,True,False,False
PATH000007152,True,False,False
PATH000007247,True,False,False
PATH000007437,True,False,False
PATH000003816,True,False,False
PATH000003945,True,False,False
PATH000003682,True,False,False
PATH000003763,True,False,False
PATH000003684,True,False,False
PATH000003723,True,False,False
PATH000003911,True,False,False
PATH000003804,True,False,False
PATH000004416,True,False,False
PATH000004500,True,False,False
PATH000003647,True,False,False
PATH000003669,True,False,False
PATH000003653,True,False,False
PATH000003943,True,False,False
PATH000004061,True,False,False
PATH000003622,True,False,False
PATH000003845,True,False,False
PATH000003775,True,False,False
PATH000004026,True,False,False
PATH000004057,True,False,False
PATH000004078,True,False,False
PATH000003673,True,False,False
PATH000004115,True,False,False
PATH000004727,True,False,False
PATH000007224,True,False,False
PATH000004787,True,False,False
PATH000004762,True,False,False
PATH000004981,True,False,False
PATH000005423,True,False,False
PATH000007106,True,False,False
PATH000007363,True,False,False
PATH000007796,True,False,False
PATH000007977,True,False,False
PATH000010000,True,False,False
PATH000009582,True,False,False
PATH000003831,True,False,False
PATH000004189,True,False,False
PATH000004006,True,False,False
PATH000003678,True,False,False
PATH000003925,True,False,False
PATH000003989,True,False,False
PATH000004154,True,False,False
PATH000003693,True,False,False
PATH000003638,True,False,False
PATH000003737,True,False,False
PATH000003815,True,False,False
PATH000003826,True,False,False
PATH000003851,True,False,False
PATH000003975,True,False,False
PATH000004092,True,False,False
PATH000004107,True,False,False
PATH000004286,True,False,False
PATH000004851,True,False,False
PATH000004699,True,False,False
PATH000004614,True,False,False
PATH000007944,True,False,False
PATH000004878,True,False,False
PATH000004485,True,False,False
PATH000005631,True,False,False
PATH000007670,True,False,False
PATH000003715,True,False,False
PATH000003654,True,False,False
PATH000003686,True,False,False
PATH000003787,True,False,False
PATH000003966,True,False,False
PATH000003898,True,False,False
PATH000004967,True,False,False
PATH000004344,True,False,False
PATH000005368,True,False,False
PATH000004659,True,False,False
PATH000005877,True,False,False
PATH000004989,True,False,False
PATH000005465,True,False,False
PATH000005565,True,False,False
PATH000007324,True,False,False
PATH000008112,True,False,False
PATH000003626,True,False,False
PATH000003906,True,False,False
PATH000004173,True,False,False
PATH000004733,True,False,False
PATH000004248,True,False,False
PATH000004257,True,False,False
PATH000005289,True,False,False
PATH000005347,True,False,False
PATH000005883,True,False,False
PATH000005686,True,False,False
PATH000005107,True,False,False
PATH000005264,True,False,False
PATH000005805,True,False,False
PATH000007026,True,False,False
PATH000007132,True,False,False
PATH000005172,True,False,False
PATH000008068,True,False,False
PATH000007708,True,False,False
PATH000007606,True,False,False
PATH000007582,True,False,False
PATH000004110,True,False,False
PATH000004773,True,False,False
PATH000005920,True,False,False
PATH000005669,True,False,False
PATH000005922,True,False,False
PATH000006014,True,False,False
PATH000007158,True,False,False
PATH000005966,True,False,False
PATH000006008,True,False,False
PATH000005949,True,False,False
PATH000006025,True,False,False
PATH000007126,True,False,False
PATH000007119,True,False,False
PATH000007256,True,False,False
PATH000004130,True,False,False
PATH000007350,True,False,False
PATH000007540,True,False,False
PATH000004073,True,False,False
PATH000003930,True,False,False
PATH000004191,True,False,False
PATH000004315,True,False,False
PATH000004520,True,False,False
PATH000004808,True,False,False
PATH000007096,True,False,False
PATH000007266,True,False,False
PATH000007600,True,False,False
PATH000007644,True,False,False
PATH000008693,True,False,False
PATH000009455,True,False,False
PATH000004099,True,False,False
PATH000004178,True,False,False
PATH000003937,True,False,False
PATH000003901,True,False,False
PATH000003949,True,False,False
PATH000003959,True,False,False
PATH000004386,True,False,False
PATH000005813,True,False,False
PATH000005663,True,False,False
PATH000005886,True,False,False
PATH000007575,True,False,False
PATH000007706,True,False,False
PATH000004612,True,False,False
PATH000004940,True,False,False
PATH000004931,True,False,False
PATH000004825,True,False,False
PATH000005397,True,False,False
PATH000004412,True,False,False
PATH000004473,True,False,False
PATH000005283,True,False,False
PATH000005974,True,False,False
PATH000007386,True,False,False
PATH000007403,True,False,False
PATH000004590,True,False,False
PATH000005749,True,False,False
PATH000005125,True,False,False
PATH000007532,True,False,False
PATH000007786,True,False,False
PATH000008352,True,False,False
PATH000005872,True,False,False
PATH000005108,True,False,False
PATH000004887,True,False,False
PATH000004250,True,False,False
PATH000004859,True,False,False
PATH000004617,True,False,False
PATH000004274,True,False,False
PATH000004266,True,False,False
PATH000004304,True,False,False
PATH000004938,True,False,False
PATH000005136,True,False,False
PATH000005418,True,False,False
PATH000005120,True,False,False
PATH000005601,True,False,False
PATH000005693,True,False,False
PATH000005278,True,False,False
PATH000005650,True,False,False
PATH000007677,True,False,False
PATH000007411,True,False,False
PATH000007367,True,False,False
PATH000007479,True,False,False
PATH000007535,True,False,False
PATH000008652,True,False,False
PATH000003436,True,False,False
PATH000003259,True,False,False
PATH000001783,True,False,False
PATH000001610,True,False,False
PATH000003448,True,False,False
PATH000003603,True,False,False
PATH000003566,True,False,False
PATH000003564,True,False,False
PATH000003441,True,False,False
PATH000003386,True,False,False
PATH000002722,True,False,False
PATH000003287,True,False,False
PATH000003368,True,False,False
PATH000003397,True,False,False
PATH000003333,True,False,False
PATH000003306,True,False,False
PATH000003472,True,False,False
PATH000003348,True,False,False
PATH000003778,True,False,False
PATH000005257,True,False,False
PATH000003358,True,False,False
PATH000008202,True,False,False
PATH000008332,True,False,False
PATH000003302,True,False,False
PATH000003523,True,False,False
PATH000003699,True,False,False
PATH000006026,True,False,False
PATH000006045,True,False,False
PATH000008083,True,False,False
PATH000003823,True,False,False
PATH000003231,True,False,False
PATH000003048,True,False,False
PATH000002724,True,False,False
PATH000005046,True,False,False
PATH000005615,True,False,False
PATH000005137,True,False,False
PATH000005045,True,False,False
PATH000008635,True,False,False
PATH000006265,True,False,False
PATH000006716,True,False,False
PATH000006617,True,False,False
PATH000006347,True,False,False
PATH000006167,True,False,False
PATH000006811,True,False,False
PATH000006256,True,False,False
PATH000006462,True,False,False
PATH000006243,True,False,False
PATH000006125,True,False,False
PATH000006340,True,False,False
PATH000007147,True,False,False
PATH000006663,True,False,False
PATH000006490,True,False,False
PATH000008630,True,False,False
PATH000006810,True,False,False
PATH000006787,True,False,False
PATH000006312,True,False,False
PATH000006252,True,False,False
PATH000006337,True,False,False
PATH000006633,True,False,False
PATH000006680,True,False,False
PATH000006116,True,False,False
PATH000006503,True,False,False
PATH000006489,True,False,False
PATH000006644,True,False,False
PATH000006518,True,False,False
PATH000006180,True,False,False
PATH000006504,True,False,False
PATH000006509,True,False,False
PATH000008338,True,False,False
PATH000006676,True,False,False
PATH000006695,True,False,False
PATH000006712,True,False,False
PATH000006468,True,False,False
PATH000006231,True,False,False
PATH000008439,True,False,False
PATH000008755,True,False,False
PATH000006166,True,False,False
PATH000006719,True,False,False
PATH000006113,True,False,False
PATH000006670,True,False,False
PATH000006546,True,False,False
PATH000008344,True,False,False
PATH000006639,True,False,False
PATH000006692,True,False,False
PATH000006762,True,False,False
PATH000008169,True,False,False
PATH000006460,True,False,False
PATH000008371,True,False,False
PATH000006341,True,False,False
PATH000006545,True,False,False
PATH000006737,True,False,False
PATH000008353,True,False,False
PATH000006397,True,False,False
PATH000006287,True,False,False
PATH000008291,True,False,False
PATH000008569,True,False,False
PATH000006735,True,False,False
PATH000008647,True,False,False
PATH000008077,True,False,False
PATH000007204,True,False,False
PATH000008229,True,False,False
PATH000008289,True,False,False
PATH000008241,True,False,False
PATH000008260,True,False,False
PATH000007263,True,False,False
PATH000008390,True,False,False
PATH000008418,True,False,False
PATH000008385,True,False,False
PATH000008668,True,False,False
PATH000008743,True,False,False
PATH000008207,True,False,False
PATH000008799,True,False,False
PATH000008653,True,False,False
PATH000008603,True,False,False
PATH000001505,False,True,False
PATH000007986,False,True,False
PATH000009461,False,True,False
PATH000007156,False,True,False
PATH000006061,False,True,False
PATH000009764,False,True,False
PATH000005572,False,True,False
PATH000002767,False,True,False
PATH000009835,False,True,False
PATH000003276,False,True,False
PATH000009813,False,True,False
PATH000001806,False,True,False
PATH000008080,False,True,False
PATH000005724,False,True,False
PATH000002676,False,True,False
PATH000006931,False,True,False
PATH000009022,False,True,False
PATH000008664,False,True,False
PATH000006891,False,True,False
PATH000001971,False,True,False
PATH000001817,False,True,False
PATH000003292,False,True,False
PATH000002012,False,True,False
PATH000009807,False,True,False
PATH000005296,False,True,False
PATH000001902,False,True,False
PATH000009447,False,True,False
PATH000001980,False,True,False
PATH000007011,False,True,False
PATH000003651,False,True,False
PATH000005591,False,True,False
PATH000003116,False,True,False
PATH000001637,False,True,False
PATH000005059,False,True,False
PATH000005688,False,True,False
PATH000003261,False,True,False
PATH000001845,False,True,False
PATH000004840,False,True,False
PATH000001633,False,True,False
PATH000001586,False,True,False
PATH000006890,False,True,False
PATH000009311,False,True,False
PATH000001899,False,True,False
PATH000009180,False,True,False
PATH000004829,False,True,False
PATH000005058,False,True,False
PATH000004631,False,True,False
PATH000002004,False,True,False
PATH000005786,False,True,False
PATH000006263,False,True,False
PATH000008235,False,True,False
PATH000003295,False,True,False
PATH000004222,False,True,False
PATH000006645,False,True,False
PATH000002694,False,True,False
PATH000005664,False,True,False
PATH000004221,False,True,False
PATH000009146,False,True,False
PATH000006618,False,True,False
PATH000003642,False,True,False
PATH000004886,False,True,False
PATH000001832,False,True,False
PATH000002998,False,True,False
PATH000006202,False,True,False
PATH000005660,False,True,False
PATH000004608,False,True,False
PATH000003847,False,True,False
PATH000004370,False,True,False
PATH000006094,False,True,False
PATH000001824,False,True,False
PATH000003913,False,True,False
PATH000003140,False,True,False
PATH000009772,False,True,False
PATH000003568,False,True,False
PATH000009214,False,True,False
PATH000001844,False,True,False
PATH000002768,False,True,False
PATH000002009,False,True,False
PATH000001622,False,True,False
PATH000008898,False,True,False
PATH000005387,False,True,False
PATH000008244,False,True,False
PATH000003281,False,True,False
PATH000007521,False,True,False
PATH000008125,False,True,False
PATH000008482,False,True,False
PATH000007553,False,True,False
PATH000008885,False,True,False
PATH000001879,False,True,False
PATH000008975,False,True,False
PATH000001965,False,True,False
PATH000002955,False,True,False
PATH000005425,False,True,False
PATH000006210,False,True,False
PATH000009228,False,True,False
PATH000006320,False,True,False
PATH000008162,False,True,False
PATH000008368,False,True,False
PATH000003380,False,True,False
PATH000004662,False,True,False
PATH000006059,False,True,False
PATH000008597,False,True,False
PATH000006121,False,True,False
PATH000002879,False,True,False
PATH000002689,False,True,False
PATH000005069,False,True,False
PATH000006812,False,True,False
PATH000005980,False,True,False
PATH000004582,False,True,False
PATH000004925,False,True,False
PATH000004233,False,True,False
PATH000002730,False,True,False
PATH000001835,False,True,False
PATH000005127,False,True,False
PATH000008166,False,True,False
PATH000003289,False,True,False
PATH000002680,False,True,False
PATH000004117,False,True,False
PATH000008579,False,True,False
PATH000008285,False,True,False
PATH000007990,False,True,False
PATH000006382,False,True,False
PATH000004899,False,True,False
PATH000005512,False,True,False
PATH000009754,False,True,False
PATH000009445,False,True,False
PATH000004783,False,True,False
PATH000004128,False,True,False
PATH000005354,False,True,False
PATH000005214,False,True,False
PATH000005919,False,True,False
PATH000005921,False,True,False
PATH000007484,False,True,False
PATH000004834,False,True,False
PATH000003668,False,True,False
PATH000004743,False,True,False
PATH000004143,False,True,False
PATH000007932,False,True,False
PATH000005928,False,True,False
PATH000008304,False,True,False
PATH000003956,False,True,False
PATH000004618,False,True,False
PATH000005454,False,True,False
PATH000006396,False,True,False
PATH000003515,False,True,False
PATH000002690,False,True,False
PATH000005050,False,True,False
PATH000007151,False,True,False
PATH000004475,False,True,False
PATH000004059,False,True,False
PATH000005668,False,True,False
PATH000004350,False,True,False
PATH000002615,False,True,False
PATH000004479,False,True,False
PATH000009901,False,True,False
PATH000004036,False,True,False
PATH000008438,False,True,False
PATH000009840,False,True,False
PATH000003266,False,True,False
PATH000003240,False,True,False
PATH000004325,False,True,False
PATH000003179,False,True,False
PATH000001536,False,True,False
PATH000001482,False,True,False
PATH000009128,False,True,False
PATH000005168,False,True,False
PATH000001540,False,True,False
PATH000006530,False,True,False
PATH000004655,False,True,False
PATH000003055,False,True,False
PATH000003676,False,True,False
PATH000007002,False,True,False
PATH000012644,False,True,False
PATH000005419,False,True,False
PATH000009828,False,True,False
PATH000012417,False,True,False
PATH000009052,False,True,False
PATH000001894,False,True,False
PATH000008337,False,True,False
PATH000009673,False,True,False
PATH000001731,False,True,False
PATH000012480,False,True,False
PATH000009173,False,True,False
PATH000007887,False,True,False
PATH000003188,False,True,False
PATH000006587,False,True,False
PATH000005799,False,True,False
PATH000007463,False,True,False
PATH000001827,False,True,False
PATH000004121,False,True,False
PATH000007970,False,True,False
PATH000006845,False,True,False
PATH000006747,False,True,False
PATH000006675,False,True,False
PATH000009763,False,False,True
PATH000001479,False,False,True
PATH000009932,False,False,True
PATH000009381,False,False,True
PATH000009925,False,False,True
PATH000001773,False,False,True
PATH000009489,False,False,True
PATH000002897,False,False,True
PATH000001451,False,False,True
PATH000008874,False,False,True
PATH000001931,False,False,True
PATH000008110,False,False,True
PATH000001842,False,False,True
PATH000001470,False,False,True
PATH000001480,False,False,True
PATH000002713,False,False,True
PATH000006471,False,False,True
PATH000008181,False,False,True
PATH000001436,False,False,True
PATH000006438,False,False,True
PATH000006277,False,False,True
PATH000002987,False,False,True
PATH000008478,False,False,True
PATH000009818,False,False,True
PATH000009359,False,False,True
PATH000002911,False,False,True
PATH000003719,False,False,True
PATH000008456,False,False,True
PATH000003792,False,False,True
PATH000003838,False,False,True
PATH000003754,False,False,True
PATH000006693,False,False,True
PATH000005094,False,False,True
PATH000001994,False,False,True
PATH000003802,False,False,True
PATH000003343,False,False,True
PATH000004565,False,False,True
PATH000003442,False,False,True
PATH000008884,False,False,True
PATH000005286,False,False,True
PATH000005256,False,False,True
PATH000001828,False,False,True
PATH000009285,False,False,True
PATH000008629,False,False,True
PATH000006323,False,False,True
PATH000001716,False,False,True
PATH000002919,False,False,True
PATH000005366,False,False,True
PATH000004135,False,False,True
PATH000008176,False,False,True
PATH000008154,False,False,True
PATH000008365,False,False,True
PATH000001504,False,False,True
PATH000005932,False,False,True
PATH000003064,False,False,True
PATH000003184,False,False,True
PATH000008708,False,False,True
PATH000003533,False,False,True
PATH000003072,False,False,True
PATH000006326,False,False,True
PATH000007127,False,False,True
PATH000006212,False,False,True
PATH000006285,False,False,True
PATH000003600,False,False,True
PATH000008476,False,False,True
PATH000008704,False,False,True
PATH000001605,False,False,True
PATH000003239,False,False,True
PATH000004298,False,False,True
PATH000008993,False,False,True
PATH000003728,False,False,True
PATH000001522,False,False,True
PATH000002950,False,False,True
PATH000009172,False,False,True
PATH000006568,False,False,True
PATH000004780,False,False,True
PATH000007546,False,False,True
PATH000008640,False,False,True
PATH000008852,False,False,True
PATH000008336,False,False,True
PATH000009670,False,False,True
PATH000003063,False,False,True
PATH000002884,False,False,True
PATH000001830,False,False,True
PATH000004861,False,False,True
PATH000006332,False,False,True
PATH000001747,False,False,True
PATH000008986,False,False,True
PATH000007695,False,False,True
PATH000009102,False,False,True
PATH000003927,False,False,True
PATH000005269,False,False,True
PATH000006653,False,False,True
PATH000009446,False,False,True
PATH000003607,False,False,True
PATH000013651,False,False,True
PATH000002577,False,False,True
PATH000002770,False,False,True
PATH000003155,False,False,True
PATH000002877,False,False,True
PATH000007188,False,False,True
PATH000004736,False,False,True
PATH000008131,False,False,True
PATH000009229,False,False,True
PATH000001484,False,False,True
PATH000001759,False,False,True
PATH000001831,False,False,True
PATH000006142,False,False,True
PATH000007710,False,False,True
PATH000005555,False,False,True
PATH000003079,False,False,True
PATH000005515,False,False,True
PATH000001795,False,False,True
PATH000003344,False,False,True
PATH000003157,False,False,True
PATH000008903,False,False,True
PATH000001439,False,False,True
PATH000009042,False,False,True
PATH000007327,False,False,True
PATH000004947,False,False,True
PATH000009809,False,False,True
PATH000005448,False,False,True
PATH000009741,False,False,True
PATH000004537,False,False,True
PATH000006470,False,False,True
PATH000009589,False,False,True
PATH000008428,False,False,True
PATH000004624,False,False,True
PATH000002734,False,False,True
PATH000003084,False,False,True
PATH000003912,False,False,True
PATH000003679,False,False,True
PATH000007559,False,False,True
PATH000005754,False,False,True
PATH000006802,False,False,True
PATH000004125,False,False,True
PATH000003955,False,False,True
PATH000007935,False,False,True
PATH000004750,False,False,True
PATH000002823,False,False,True
PATH000005608,False,False,True
PATH000004656,False,False,True
PATH000009098,False,False,True
PATH000003762,False,False,True
PATH000004525,False,False,True
PATH000001968,False,False,True
PATH000002888,False,False,True
PATH000004745,False,False,True
PATH000007475,False,False,True
PATH000012611,False,False,True
PATH000003770,False,False,True
PATH000008966,False,False,True
PATH000004970,False,False,True
PATH000009120,False,False,True
PATH000002816,False,False,True
PATH000004030,False,False,True
PATH000009511,False,False,True
PATH000005526,False,False,True
PATH000004163,False,False,True
PATH000008714,False,False,True
PATH000007054,False,False,True
PATH000007016,False,False,True
PATH000008636,False,False,True
PATH000006851,False,False,True
PATH000008136,False,False,True
PATH000006360,False,False,True
PATH000001989,False,False,True
PATH000006656,False,False,True
PATH000007198,False,False,True
PATH000003311,False,False,True
PATH000007870,False,False,True
PATH000001700,False,False,True
PATH000009089,False,False,True
PATH000006697,False,False,True
PATH000008028,False,False,True
PATH000004147,False,False,True
PATH000004719,False,False,True
PATH000003645,False,False,True
PATH000004296,False,False,True
PATH000003924,False,False,True
PATH000004070,False,False,True
PATH000002963,False,False,True
PATH000004331,False,False,True
PATH000004885,False,False,True
PATH000013527,False,False,True
PATH000007115,False,False,True
PATH000004314,False,False,True
PATH000006580,False,False,True
PATH000005520,False,False,True
PATH000004874,False,False,True
PATH000013605,False,False,True
PATH000008706,False,False,True
PATH000003119,False,False,True
PATH000002828,False,False,True
